1AG.AX,11.70M,0.085
1AL.AX,128.36M,0.995
1PG.AX,115.43M,0.75
1ST.AX,4.84M,0.054
3PL.AX,153.68M,1.12
4DS.AX,17.14M,0.026
88E.AX,123.37M,0.039
8CO.AX,9.18M,0.17
8EC.AX,31.41B,0.95
8IH.AX,314.29M,0.88
A2M.AX,1.21B,1.675
AAC.AX,783.38M,1.47
AAD.AX,1.01B,2.25
AAI.AX,15.78B,12.00
AAJ.AX,2.08M,0.009
AAK.AX,836910.06,0.002
AAL.AX,1.75M,0.007
AAP.AX,6.26M,0.036
AAR.AX,3.07M,0.017
AAU.AX,4.00M,0.022
AAX.AX,64.88M,0.35
AB1.AX,37.69M,0.225
ABA.AX,187.93M,5.06
ABC.AX,3.52B,5.42
ABL.AX,5.57M,0.014
ABP.AX,1.82B,3.29
ABT.AX,N/A,0.85
ABU.AX,19.89M,0.058
ABV.AX,17.83M,0.01
ABW.AX,N/A,0.84
ABX.AX,19.10M,0.135
ABY.AX,100.28M,0.32
ACB.AX,7.71M,0.016
ACG.AX,30.46M,0.155
ACK.AX,46.43M,0.45
ACL.AX,3.57M,0.011
ACO.AX,N/A,3.43
ACP.AX,N/A,0.17
ACQ.AX,N/A,0.88
ACR.AX,103.96M,0.64
ACS.AX,9.87M,0.08
ACU.AX,6.11M,0.034
ACW.AX,56.98M,0.094
ACX.AX,1.02B,6.19
AD1.AX,N/A,N/A
ADA.AX,183.90M,2.32
ADD.AX,273300.00,0.012
ADH.AX,419.66M,2.53
ADJ.AX,105.08M,0.10
ADN.AX,5.97M,0.017
ADO.AX,36.20M,0.047
ADQ.AX,N/A,0.44
ADR.AX,70.86M,0.495
ADV.AX,26.12M,0.043
ADX.AX,5.25M,0.008
ADY.AX,12.18M,0.012
AEB.AX,15.58M,0.046
AEE.AX,6.57M,0.016
AEF.AX,74.38M,67.99
AEG.AX,137.87M,1.175
AEI.AX,62.89M,0.415
AEJ.AX,N/A,8.00
AER.AX,6.03M,0.11
AEV.AX,96.40M,0.23
AFA.AX,175.12M,0.29
AFG.AX,N/A,1.10
AFI.AX,6.30B,5.60
AFP.AX,182.75M,2.50
AFR.AX,33.62M,0.055
AFT.AX,8.51M,0.001
AFY.AX,198.83B,1.40
AGD.AX,71.81M,0.15
AGE.AX,4.25M,0.012
AGF.AX,N/A,0.805
AGG.AX,1.63B,4.01
AGI.AX,841.48M,2.54
AGJ.AX,3.90M,0.04
AGL.AX,12.73B,18.87
AGO.AX,48.05M,0.018
AGR.AX,42.19M,0.115
AGS.AX,15.02M,0.036
AGX.AX,1.89M,0.012
AGY.AX,11.13M,0.026
AHF.AX,34.35M,0.22
AHG.AX,1.22B,3.98
AHK.AX,5.25M,0.13
AHL.AX,52.69M,0.33
AHN.AX,4.52M,0.026
AHQ.AX,851704.94,0.005
AHR.AX,N/A,0.025
AHX.AX,144.27M,1.465
AHY.AX,1.13B,2.00
AHZ.AX,72.61M,0.37
AIA.AX,7.32B,6.15
AIB.AX,5.88M,0.83
AIK.AX,63.00B,0.115
AIO.AX,8.63B,8.87
AIQ.AX,14.38M,0.11
AIR.AX,2.49M,0.08
AIS.AX,4.62M,0.04
AIV.AX,7.11M,0.011
AIY.AX,1.81M,0.013
AIZ.AX,2.36B,2.10
AJA.AX,411.83M,6.79
AJC.AX,2.71M,0.003
AJD.AX,161.00M,1.40
AJJ.AX,29.78M,0.10
AJL.AX,52.23M,0.195
AJM.AX,205.35M,0.23
AJQ.AX,25.40M,0.079
AJR.AX,1.83M,0.023
AJX.AX,168.79M,0.59
AJY.AX,N/A,0.24
AKF.AX,4.62M,0.07
AKG.AX,13.94M,0.19
AKK.AX,2.62M,0.007
AKM.AX,5.57M,0.006
AKP.AX,316.20M,12.30
AKY.AX,7.07B,9.04
ALA.AX,4.95M,0.115
ALC.AX,N/A,0.047
ALF.AX,365.19M,1.36
ALI.AX,N/A,1.85
ALK.AX,84.91M,0.205
ALL.AX,7.91B,12.41
ALQ.AX,1.73B,4.24
ALR.AX,64.04M,1.04
ALT.AX,7.78M,0.006
ALU.AX,842.49M,6.47
ALY.AX,2.75M,0.012
AMA.AX,446.67M,0.905
AMB.AX,13.79M,0.21
AMC.AX,18.87B,16.29
AMH.AX,227.56M,0.925
AMI.AX,54.32M,0.14
AML.AX,22.13M,0.065
AMN.AX,13.08M,0.15
AMO.AX,3.84M,0.125
AMP.AX,15.97B,5.46
AMT.AX,8.27M,0.13
ANB.AX,2.11M,0.01
ANG.AX,19.31M,0.125
ANN.AX,2.85B,18.85
ANO.AX,15.23M,0.026
ANP.AX,10.06M,0.057
ANQ.AX,2.67M,0.001
ANR.AX,58.22M,1.18
ANV.AX,N/A,N/A
ANW.AX,10.34M,0.008
ANZ.AX,69.79B,24.11
AOA.AX,2.39M,0.01
AOD.AX,20.46M,0.735
AOG.AX,1.74B,3.38
AOH.AX,58.83M,0.11
AOJ.AX,N/A,N/A
AOK.AX,27.98M,0.05
AOL.AX,N/A,N/A
AON.AX,2.16M,0.03
AOP.AX,9.67M,0.09
AOR.AX,N/A,N/A
AOU.AX,12.00M,0.14
AOW.AX,25.01M,0.17
AOY.AX,N/A,N/A
APA.AX,N/A,9.01
APD.AX,132.36M,0.455
APE.AX,1.86B,10.12
APG.AX,4.09M,0.003
API.AX,919.50M,1.88
APN.AX,657.39M,0.70
APO.AX,1.18B,7.07
APW.AX,56.36B,0.125
APX.AX,191.60M,1.99
APY.AX,17.39M,0.015
APZ.AX,131.86M,1.165
AQC.AX,77.73M,0.018
AQD.AX,6.48M,0.013
AQF.AX,N/A,1.79
AQG.AX,1.02B,3.50
AQH.AX,N/A,N/A
AQI.AX,7.49M,0.13
AQJ.AX,765718.06,0.001
AQM.AX,N/A,N/A
AQQ.AX,12.85M,0.028
AQS.AX,12.03M,0.065
AQU.AX,N/A,0.10
AQX.AX,9.45M,0.049
AQZ.AX,53.24M,0.44
AR1.AX,3.51M,0.016
ARA.AX,67.98M,0.335
ARB.AX,1.27B,16.09
ARC.AX,4.55M,0.51
ARD.AX,8.95M,0.035
ARE.AX,8.88M,0.02
ARF.AX,465.03M,2.02
ARG.AX,4.87B,7.19
ARH.AX,N/A,0.005
ARI.AX,64.50M,0.022
ARK.AX,N/A,N/A
ARM.AX,5.72M,0.049
ARO.AX,772555.00,0.007
ARS.AX,6.15M,0.13
ARU.AX,22.06M,0.05
ARV.AX,3.66M,0.001
ARW.AX,N/A,0.145
ARX.AX,1.19M,0.001
ASB.AX,509.33M,1.465
ASH.AX,31.50M,0.21
ASL.AX,135.84M,0.435
ASN.AX,3.44M,0.03
ASP.AX,6.52M,0.009
AST.AX,5.79B,1.65
ASW.AX,26.08M,0.61
ASX.AX,8.53B,44.11
ASY.AX,720104.00,0.022
ASZ.AX,216.91M,1.06
ATA.AX,3.14M,0.032
ATB.AX,N/A,N/A
ATC.AX,16.57M,0.11
ATI.AX,N/A,0.175
ATM.AX,N/A,1.25
ATP.AX,12.44M,0.03
ATR.AX,24.50M,0.20
ATU.AX,130.66M,0.69
AUB.AX,591.59M,9.35
AUC.AX,16.20M,0.059
AUF.AX,N/A,1.24
AUI.AX,783.15M,7.15
AUK.AX,4.11M,0.013
AUP.AX,12.42M,5.64
AUQ.AX,15.18M,0.03
AUZ.AX,13.35M,0.013
AVB.AX,152.33M,0.062
AVD.AX,2.00M,0.028
AVG.AX,130.97M,0.565
AVH.AX,66.59M,0.125
AVI.AX,4.66M,0.014
AVJ.AX,200.39M,0.525
AVL.AX,6.85M,0.009
AVN.AX,N/A,2.20
AVQ.AX,41.02M,0.155
AVX.AX,1.03M,0.021
AVZ.AX,5.85M,0.012
AWC.AX,3.86B,1.34
AWE.AX,405.59M,0.77
AWI.AX,33.27M,0.30
AWN.AX,69.59M,0.44
AWQ.AX,51.00B,1.06
AWV.AX,35.74M,0.11
AWW.AX,N/A,N/A
AWY.AX,8.81M,0.002
AXE.AX,8.90M,0.105
AXI.AX,20.67M,0.05
AXJ.AX,N/A,N/A
AXP.AX,188.04M,0.89
AXT.AX,13.31M,0.078
AXZ.AX,31.75M,0.30
AYA.AX,15.65M,0.18
AYB.AX,7.20M,0.026
AYC.AX,11.46M,0.025
AYD.AX,48.49B,53.61
AYF.AX,N/A,5.73
AYG.AX,2.56M,0.001
AYH.AX,34.67B,81.55
AYI.AX,10.81M,0.001
AYJ.AX,71.28B,73.00
AYK.AX,55.16B,55.39
AYM.AX,2.18M,0.003
AYR.AX,8.30M,0.014
AYS.AX,323.26M,1.835
AYU.AX,N/A,N/A
AYZ.AX,75.19B,74.37
AZJ.AX,9.38B,4.48
AZM.AX,26.65M,0.061
AZS.AX,52.31M,0.042
AZV.AX,12.90M,0.068
AZY.AX,14.84M,0.026
AZZ.AX,N/A,0.50
BAF.AX,135.60B,1.06
BAL.AX,1.13B,11.68
BAP.AX,1.19B,4.88
BAR.AX,25.01M,0.067
BAS.AX,1.61M,0.002
BAU.AX,24.41M,0.105
BBG.AX,272.78M,1.38
BBL.AX,34.80M,0.355
BBN.AX,298.90M,2.38
BBR.AX,239.36M,0.075
BBX.AX,4.80M,0.023
BCD.AX,N/A,0.035
BCG.AX,N/A,N/A
BCI.AX,31.39M,0.16
BCK.AX,209.55M,0.025
BCN.AX,5.98M,0.004
BCT.AX,3.61M,0.02
BDI.AX,2.54M,0.001
BDR.AX,243.59M,0.305
BEG.AX,N/A,N/A
BEL.AX,9.76M,0.13
BEN.AX,4.44B,9.67
BFC.AX,154.38M,0.425
BFG.AX,141.95M,0.54
BGA.AX,961.39M,6.30
BGC.AX,6.65M,0.063
BGD.AX,3.95M,0.038
BGG.AX,52.39M,0.059
BGH.AX,N/A,0.023
BGL.AX,102.01M,0.58
BGR.AX,741978.00,0.002
BGS.AX,35.74M,0.385
BHP.AX,96.86B,18.20
BIG.AX,9.91M,0.14
BIQ.AX,50.57B,0.60
BIS.AX,18.96M,0.43
BIT.AX,20.31M,0.065
BKI.AX,896.84M,1.577
BKL.AX,3.13B,181.64
BKM.AX,1.50M,0.001
BKN.AX,222.34M,1.30
BKP.AX,2.23M,0.001
BKT.AX,14.15M,0.053
BKW.AX,2.26B,15.22
BKY.AX,114.54M,0.63
BLA.AX,399.69M,7.07
BLD.AX,5.03B,6.77
BLG.AX,80.56M,0.25
BLK.AX,98.87M,0.49
BLT.AX,16.12M,0.11
BLX.AX,355.00M,1.65
BLY.AX,92.91M,0.10
BLZ.AX,3.35M,0.054
BMG.AX,703142.00,0.011
BMH.AX,24.85M,0.20
BML.AX,1.30M,0.002
BMN.AX,23.16M,0.033
BMP.AX,2.99M,0.39
BMZ.AX,N/A,0.006
BND.AX,N/A,0.084
BNE.AX,1.04M,0.008
BNO.AX,146.67M,0.305
BNR.AX,10.62M,0.061
BNV.AX,N/A,0.008
BOA.AX,6.56M,0.145
BOC.AX,88.23M,0.22
BOE.AX,38.46M,0.045
BOK.AX,N/A,0.19
BOL.AX,32.29M,0.068
BOP.AX,5.49B,0.41
BOQ.AX,4.25B,11.32
BPA.AX,316.24B,6.45
BPB.AX,N/A,N/A
BPF.AX,62.07M,0.40
BPG.AX,N/A,0.001
BPH.AX,1.65M,0.007
BPL.AX,11.18M,0.09
BPS.AX,49.15M,0.84
BPT.AX,846.87M,0.65
BRB.AX,12.41M,0.15
BRC.AX,20.18M,0.135
BRD.AX,4.68M,0.003
BRG.AX,1.05B,8.07
BRK.AX,3.60M,0.009
BRL.AX,13.50M,0.014
BRN.AX,97.28M,0.145
BRO.AX,N/A,0.002
BRS.AX,758.12M,1.48
BRU.AX,73.10M,0.215
BSA.AX,102.34M,0.242
BSE.AX,33.83M,0.06
BSL.AX,3.21B,5.62
BSM.AX,4.60M,0.01
BSN.AX,1.97M,0.005
BSP.AX,1.59M,0.003
BSR.AX,33.35M,0.021
BST.AX,14.44M,0.89
BTC.AX,16.27M,0.165
BTI.AX,68.08M,1.09
BTN.AX,N/A,0.006
BTT.AX,2.44B,9.23
BUA.AX,N/A,N/A
BUD.AX,761535.00,0.135
BUG.AX,16.48M,0.38
BUL.AX,26.24M,0.023
BUR.AX,4.40M,0.02
BUX.AX,6.19M,0.07
BUY.AX,8.58M,0.009
BWF.AX,32.76M,0.65
BWP.AX,2.32B,3.61
BWR.AX,72.02B,1.55
BWX.AX,436.99M,4.82
BXB.AX,20.57B,13.03
BXN.AX,4.91M,0.025
BYE.AX,27.97M,0.145
BYI.AX,73.62M,1.20
BYL.AX,16.50M,0.13
BYR.AX,20.13M,0.026
BZL.AX,N/A,0.004
CAA.AX,49.84M,0.105
CAB.AX,381.38M,3.17
CAD.AX,3.86M,0.002
CAE.AX,1.95M,0.021
CAF.AX,58.23M,0.38
CAJ.AX,88.92M,0.17
CAM.AX,71.32M,0.78
CAP.AX,7.03M,0.061
CAQ.AX,94.97M,0.145
CAR.AX,3.02B,12.52
CAS.AX,20.43M,0.12
CAT.AX,327.89M,2.72
CAV.AX,5.14M,0.02
CAY.AX,13.40M,0.087
CAZ.AX,10.44M,0.08
CBA.AX,131.79B,77.39
CBC.AX,22.12M,0.91
CBL.AX,522.04M,2.40
CBQ.AX,987357.06,0.001
CBS.AX,1.06M,0.034
CCB.AX,N/A,N/A
CCC.AX,N/A,0.001
CCJ.AX,1.13M,0.006
CCL.AX,6.93B,9.08
CCP.AX,579.85M,12.40
CCV.AX,221.64M,0.46
CCZ.AX,3.38M,0.016
CDA.AX,205.39M,1.16
CDB.AX,1.06M,0.009
CDC.AX,169.00M,0.26
CDD.AX,156.25M,0.89
CDG.AX,13.82M,0.05
CDH.AX,1.56M,0.012
CDM.AX,356.95M,1.33
CDP.AX,581.00M,8.30
CDT.AX,1.57M,0.012
CDU.AX,N/A,0.505
CDV.AX,39.79M,0.23
CDY.AX,19.50M,0.021
CEL.AX,12.32M,0.035
CEN.AX,3.22B,4.45
CFE.AX,15.67M,0.025
CFF.AX,N/A,N/A
CFU.AX,N/A,0.004
CGC.AX,953.45M,2.99
CGF.AX,5.17B,9.20
CGL.AX,210.67M,4.50
CGM.AX,1.33M,0.002
CGN.AX,15.58M,0.069
CGO.AX,12.54M,0.34
CGR.AX,17.85M,0.19
CGS.AX,87.99M,0.80
CGW.AX,813.14M,0.585
CHC.AX,2.13B,5.20
CHF.AX,1.33M,0.013
CHJ.AX,N/A,N/A
CHK.AX,2.50M,0.022
CHN.AX,47.78M,0.165
CHP.AX,4.29M,0.003
CHR.AX,23.98M,3.15
CHU.AX,N/A,N/A
CHZ.AX,3.94M,0.033
CIA.AX,49.58M,0.25
CIE.AX,N/A,0.94
CII.AX,233.47M,2.02
CIK.AX,15.07M,0.19
CIM.AX,12.80B,37.97
CIN.AX,844.52M,31.90
CIW.AX,31.95M,0.65
CIZ.AX,4.98M,0.02
CJC.AX,956662.00,0.007
CKA.AX,13.48M,0.027
CKF.AX,401.76M,4.32
CL1.AX,352.80M,3.02
CL8.AX,6.56M,0.018
CLA.AX,N/A,N/A
CLH.AX,157.03M,1.18
CLQ.AX,129.58M,0.31
CLT.AX,9.65M,0.18
CLV.AX,91.78M,0.55
CLX.AX,54.39M,0.80
CLY.AX,512508.03,0.002
CLZ.AX,1.23M,0.004
CM8.AX,30.12M,0.195
CMA.AX,257.92B,2.16
CMC.AX,3.16M,0.016
CMI.AX,34.66M,1.00
CMM.AX,19.74M,0.115
CMP.AX,63.89M,0.38
CMT.AX,3.00M,0.039
CMW.AX,1.80B,1.03
CMY.AX,6.10M,0.008
CND.AX,18.81M,0.21
CNG.AX,N/A,N/A
CNI.AX,84.61M,1.10
CNJ.AX,4.26M,0.028
CNL.AX,N/A,0.01
CNQ.AX,11.44M,0.031
CNU.AX,1.57B,3.81
CNW.AX,N/A,0.033
CNX.AX,16.37M,0.011
COE.AX,76.75M,0.23
COH.AX,6.39B,111.84
COI.AX,33.68M,0.064
COK.AX,N/A,0.001
COM.AX,13.62M,0.019
COO.AX,24.06M,0.094
COY.AX,2.70M,0.007
CPD.AX,4.44M,0.055
CPU.AX,5.63B,10.26
CQC.AX,4.21M,0.008
CQR.AX,1.93B,4.81
CR8.AX,1.97M,0.038
CRB.AX,25.20M,0.18
CRI.AX,N/A,N/A
CRL.AX,2.26M,0.026
CRM.AX,N/A,0.18
CRQ.AX,2.17M,0.022
CSD.AX,N/A,0.025
CSE.AX,40.92M,0.385
CSL.AX,51.30B,110.85
CSN.AX,N/A,N/A
CSR.AX,N/A,3.56
CSS.AX,40.90M,0.037
CSV.AX,443.52M,1.39
CTD.AX,1.49B,15.31
CTE.AX,8.93M,0.19
CTH.AX,N/A,N/A
CTM.AX,3.16M,0.006
CTN.AX,147.97M,0.925
CTO.AX,27.86M,0.016
CTP.AX,40.72M,0.094
CTR.AX,3.38M,0.059
CTU.AX,N/A,N/A
CTX.AX,9.23B,34.20
CUE.AX,43.28M,0.062
CUF.AX,N/A,N/A
CUH.AX,N/A,N/A
CUL.AX,6.65M,0.004
CUP.AX,75.04M,0.68
CUV.AX,196.04M,4.40
CUX.AX,1.96M,0.005
CV1.AX,53.09M,0.29
CVC.AX,188.86M,1.58
CVE.AX,6.97M,0.007
CVG.AX,N/A,0.01
CVN.AX,122.25M,0.11
CVO.AX,460.38M,1.45
CVR.AX,N/A,0.001
CVS.AX,3.28M,0.011
CVT.AX,133.92M,0.29
CVV.AX,3.59M,0.08
CVW.AX,505.23M,0.94
CWC.AX,480.90M,0.67
CWE.AX,68.46M,0.038
CWH.AX,N/A,0.135
CWN.AX,8.76B,12.02
CWP.AX,369.21M,4.68
CWY.AX,1.24B,0.785
CXM.AX,20.17M,0.064
CXO.AX,6.99M,0.04
CXU.AX,19.52M,0.072
CXX.AX,40.48M,0.30
CXZ.AX,15.72M,0.18
CYA.AX,65.90M,0.805
CYB.AX,541.34M,4.35
CYC.AX,38.43M,0.645
CYG.AX,40.86M,1.08
CYL.AX,31.13M,0.59
CYP.AX,26.55M,0.365
CYU.AX,4.73M,0.008
CYY.AX,10.43M,0.038
CZA.AX,109.84M,0.057
CZI.AX,8.62M,0.039
CZL.AX,10.47M,0.044
CZN.AX,3.53M,0.008
CZR.AX,17.52M,0.01
CZZ.AX,181.65M,21.13
D13.AX,45.71M,0.11
DAE.AX,N/A,N/A
DAF.AX,2.01B,0.01
DAO.AX,N/A,N/A
DAQ.AX,N/A,N/A
DAU.AX,3.83M,0.04
DBN.AX,N/A,N/A
DCC.AX,28.50M,0.16
DCG.AX,124.02M,0.73
DCN.AX,275.30M,2.08
DDD.AX,1.66M,0.006
DDR.AX,293.38M,1.84
DDT.AX,15.97M,0.021
DEG.AX,8.58M,0.003
DFM.AX,870.30M,2.23
DGH.AX,25.97M,0.71
DGO.AX,1.07M,0.185
DGR.AX,15.42M,0.028
DGX.AX,4.79M,0.01
DHR.AX,2.99M,0.005
DIG.AX,24.94M,0.26
DJW.AX,883.10M,4.04
DKM.AX,19.39M,0.235
DKO.AX,14.86M,0.17
DLC.AX,3.80M,0.006
DLE.AX,619278.00,0.003
DLX.AX,2.44B,6.40
DM1.AX,17.03M,0.064
DMA.AX,22.41M,0.058
DMC.AX,84.51M,0.14
DME.AX,105.01M,0.46
DMG.AX,5.80M,0.022
DMI.AX,2.13M,0.07
DMP.AX,5.95B,68.00
DNA.AX,436.39M,0.525
DNK.AX,52.73M,0.30
DOW.AX,1.65B,3.87
DRA.AX,22.21M,0.25
DRG.AX,2.67M,0.025
DRK.AX,1.36M,0.002
DRM.AX,271.21M,0.975
DRO.AX,N/A,N/A
DRX.AX,8.10M,0.01
DSB.AX,5.24M,0.11
DSH.AX,N/A,0.355
DSX.AX,11.01M,0.06
DTI.AX,30.70M,0.335
DTL.AX,155.36M,1.01
DTM.AX,3.12M,0.012
DTR.AX,1.01M,0.01
DTX.AX,13.08M,0.45
DUB.AX,46.50M,0.60
DUE.AX,5.36B,2.31
DUI.AX,687.00M,3.32
DVA.AX,36.48M,0.615
DVI.AX,13.04M,0.018
DVL.AX,56.97M,0.38
DVN.AX,87.30M,0.55
DWS.AX,154.24M,1.17
DXA.AX,N/A,N/A
DXB.AX,9.27M,0.007
DXF.AX,400.00M,0.80
DXS.AX,8.30B,8.57
DYE.AX,89.48M,0.24
DYL.AX,7.05M,0.004
E88.AX,53.72M,1.43
EAI.AX,96.00B,0.80
EAL.AX,11.23M,0.082
EAR.AX,26.48M,0.19
EAS.AX,43.88M,1.60
EAX.AX,31.79M,1.225
EBG.AX,24.03M,0.07
EBO.AX,2.22B,14.70
ECG.AX,160.50M,0.30
ECO.AX,4.64M,0.006
ECX.AX,805.49M,3.44
EDE.AX,305.05M,0.305
EEG.AX,5.51M,0.016
EER.AX,1.43M,0.004
EFE.AX,1.53M,0.01
EGG.AX,94.68M,1.15
EGH.AX,146.38M,0.70
EGI.AX,N/A,0.97
EGL.AX,3.72M,0.018
EGN.AX,27.98M,0.09
EGO.AX,31.69M,0.31
EGS.AX,26.65M,0.26
EGY.AX,3.87M,0.014
EHE.AX,1.06B,5.84
EHL.AX,19.19M,0.032
ELD.AX,322.38M,3.85
ELK.AX,24.96M,0.095
ELM.AX,77.95M,0.19
ELR.AX,2.08B,0.021
ELT.AX,4.60M,0.006
ELX.AX,88.61M,0.82
EMB.AX,17.69M,8.20
EMC.AX,89.61M,0.505
EME.AX,19.92M,0.095
EMF.AX,168.91B,1.81
EMG.AX,2.72M,0.012
EMH.AX,23.07M,0.265
EML.AX,283.20M,1.48
EMR.AX,32.66M,0.025
EMU.AX,4.97M,0.066
EMX.AX,24.97M,0.041
ENA.AX,10.86M,0.19
ENB.AX,3.65M,0.014
ENC.AX,89.46B,0.345
ENL.AX,N/A,0.003
ENN.AX,133.52M,1.89
ENR.AX,18.68M,0.12
ENT.AX,4.45M,0.015
ENU.AX,6.11M,0.079
ENX.AX,696878.00,0.013
ENZ.AX,22.91M,0.24
EOL.AX,5.93M,0.32
EOR.AX,8.06M,0.012
EOS.AX,68.21M,1.20
EPA.AX,4.46M,0.003
EPD.AX,43.35M,0.37
EPM.AX,7.97M,0.009
EPW.AX,326.42M,1.35
EPX.AX,130.29M,1.88
EQE.AX,2.61M,0.006
EQT.AX,280.95M,14.15
EQU.AX,735.93B,37.50
EQX.AX,41.07M,0.33
ERA.AX,178.62M,0.345
ERJ.AX,13.20M,0.023
ERL.AX,7.00M,0.026
ERM.AX,15.89M,0.042
ERX.AX,13.65M,0.15
ESI.AX,36.66M,0.014
ESK.AX,3.20M,0.10
ESM.AX,1.50M,0.013
ESR.AX,3.73M,0.024
ESV.AX,24.19M,0.091
ETE.AX,4.60M,0.009
EUG.AX,N/A,0.03
EUM.AX,1.21M,0.026
EVE.AX,5.98M,0.009
EVM.AX,57.67M,0.10
EVN.AX,3.25B,2.22
EVO.AX,161.67M,0.92
EVT.AX,2.45B,15.43
EVZ.AX,2.32M,0.011
EWC.AX,251.45M,0.145
EXC.AX,8.45M,0.042
EXG.AX,45.38M,0.08
EXM.AX,1.30M,0.008
EXO.AX,1.17M,0.004
EXR.AX,1.26M,0.001
EXU.AX,10.38M,0.054
EYM.AX,4.38M,0.003
EZA.AX,N/A,0.12
EZL.AX,127.33M,0.80
FAN.AX,204.97M,1.985
FAR.AX,295.49M,0.08
FAS.AX,N/A,0.004
FBR.AX,405972.00,0.021
FBU.AX,5.51B,7.98
FCG.AX,41.44M,0.15
FCN.AX,3.89M,0.015
FCR.AX,3.70M,0.006
FCT.AX,N/A,N/A
FEL.AX,8.39M,0.036
FET.AX,675.93M,2.74
FFC.AX,17.21M,0.135
FFG.AX,7.93M,0.049
FFI.AX,34.04M,3.44
FFT.AX,72.39M,0.595
FGF.AX,3.57M,0.008
FGG.AX,292.93B,1.06
FGI.AX,8.92M,0.11
FGR.AX,28.00M,0.10
FGX.AX,251.99B,1.115
FID.AX,72.89M,2.35
FLK.AX,128.16M,0.87
FLN.AX,745.39M,1.63
FLR.AX,1.71M,0.003
FLT.AX,3.83B,37.98
FMA.AX,N/A,N/A
FMG.AX,8.97B,2.88
FML.AX,74.93M,0.41
FMM.AX,N/A,N/A
FMS.AX,69.24M,0.025
FND.AX,107.79M,0.16
FNP.AX,594.01M,3.31
FNT.AX,1.01M,0.031
FOB.AX,N/A,N/A
FOD.AX,N/A,0.19
FOY.AX,5.74M,0.125
FPH.AX,5.00B,8.95
FRC.AX,N/A,0.02
FRE.AX,865659.06,0.001
FRI.AX,206.17M,0.89
FRM.AX,109.81M,1.99
FRN.AX,759000.00,0.024
FRX.AX,28.23M,0.15
FSA.AX,129.47M,1.035
FSE.AX,N/A,0.005
FSF.AX,554.96M,5.34
FSI.AX,36.36B,1.43
FTT.AX,26.08B,0.036
FTZ.AX,11.87M,0.20
FUN.AX,12.01M,0.018
FWD.AX,100.71M,1.65
FXJ.AX,2.09B,0.91
FXL.AX,930.75M,2.50
FXR.AX,N/A,0.002
FYI.AX,5.70M,0.07
FZR.AX,15.89M,0.175
G8C.AX,1.72M,0.043
GAP.AX,92.22M,0.31
GBA.AX,765825.00,0.025
GBE.AX,10.33M,0.022
GBG.AX,32.90M,0.022
GBI.AX,21.42M,0.215
GBM.AX,9.46M,0.01
GBP.AX,5.94M,0.03
GBT.AX,333.74M,4.95
GBX.AX,4.53M,0.005
GBZ.AX,8.39M,0.014
GC1.AX,24.06B,0.96
GCN.AX,757057.00,0.007
GCR.AX,3.03M,0.03
GCS.AX,80.11M,0.40
GCY.AX,105.19M,0.51
GDA.AX,N/A,0.10
GDF.AX,92.34B,0.95
GDI.AX,476.85M,0.885
GDY.AX,14.08M,0.025
GED.AX,724598.00,0.007
GEE.AX,N/A,N/A
GEG.AX,138.60M,1.09
GEM.AX,1.52B,4.05
GER.AX,18.23M,0.07
GES.AX,18.04M,0.06
GFI.AX,N/A,0.26
GFL.AX,12.05M,1.405
GFY.AX,47.31M,1.165
GGE.AX,3.74M,0.005
GGG.AX,23.63M,0.03
GGH.AX,1.50M,0.002
GGL.AX,N/A,N/A
GGX.AX,2.43M,0.003
GHC.AX,483.21M,2.25
GID.AX,8.55M,0.018
GJT.AX,267.68M,2.54
GLA.AX,925254.06,0.002
GLB.AX,48.54M,1.17
GLE.AX,N/A,0.23
GLF.AX,24.55M,0.009
GLH.AX,14.76M,0.45
GLL.AX,11.52M,0.076
GLN.AX,4.83M,0.008
GMA.AX,1.74B,2.69
GMC.AX,576027.00,0.003
GMD.AX,8.49M,0.019
GME.AX,15.23M,0.033
GMF.AX,N/A,2.30
GMG.AX,12.82B,7.24
GML.AX,4.69M,0.016
GMM.AX,195.74M,0.63
GMN.AX,7.79M,0.038
GMP.AX,N/A,N/A
GMR.AX,7.19M,0.005
GMY.AX,13.47M,0.86
GNC.AX,1.77B,7.72
GNE.AX,2.02B,2.02
GNG.AX,145.57M,0.955
GNV.AX,N/A,0.026
GNX.AX,23.76M,0.15
GOE.AX,26.69M,0.027
GOL.AX,N/A,N/A
GOR.AX,388.35M,0.56
GOW.AX,178.79M,3.33
GOZ.AX,1.82B,3.19
GPH.AX,10.96M,0.11
GPP.AX,647255.00,0.007
GPR.AX,31.98M,0.04
GPS.AX,N/A,0.085
GPT.AX,9.30B,5.18
GPX.AX,N/A,N/A
GRA.AX,N/A,0.36
GRB.AX,20.04M,0.047
GRR.AX,111.10M,0.096
GRV.AX,3.17M,0.034
GRY.AX,60.19M,0.15
GSB.AX,N/A,N/A
GSC.AX,36.21M,0.006
GSE.AX,597261.00,0.051
GSI.AX,N/A,N/A
GSS.AX,36.12M,0.495
GTE.AX,3.75M,0.017
GTG.AX,34.31M,0.02
GTK.AX,171.57M,2.36
GTR.AX,648660.00,0.01
GTY.AX,701.23M,2.80
GUD.AX,791.00M,9.28
GUL.AX,2.57M,0.02
GVF.AX,N/A,0.995
GWA.AX,623.76M,2.33
GWR.AX,9.93M,0.041
GXL.AX,822.29M,7.25
GXN.AX,2.69M,0.001
GXY.AX,543.71M,0.43
GZL.AX,131.40M,2.27
HAO.AX,38.03M,0.20
HAR.AX,780328.06,0.002
HAS.AX,34.61M,0.09
HAV.AX,73.14M,0.435
HAW.AX,6.85M,0.04
HBS.AX,N/A,N/A
HCH.AX,34.24M,0.081
HCS.AX,N/A,N/A
HCT.AX,29.26M,0.185
HDG.AX,N/A,0.01
HDX.AX,18.99M,0.091
HEG.AX,2.44M,0.002
HES.AX,N/A,N/A
HFA.AX,363.21M,2.24
HFR.AX,386.67M,1.245
HGG.AX,5.22B,4.81
HGL.AX,7.03M,0.027
HGO.AX,7.71M,0.041
HHL.AX,83.46M,3.09
HHM.AX,4.14M,0.018
HHV.AX,296.46M,1.215
HHY.AX,9.75M,0.10
HIG.AX,65.89M,0.071
HIL.AX,81.19M,0.35
HIT.AX,7.76M,0.25
HJB.AX,3.16M,0.011
HLO.AX,176.13M,2.40
HLS.AX,902420.00,0.004
HLX.AX,17.72M,0.066
HMI.AX,8.23M,0.10
HML.AX,15.29M,0.98
HMX.AX,6.45M,0.059
HNG.AX,23.47M,0.435
HNR.AX,11.55M,0.016
HOG.AX,1.15M,0.004
HOM.AX,48.07M,0.455
HOR.AX,2.38M,0.014
HPI.AX,403.25M,2.76
HPR.AX,11.68M,0.07
HRL.AX,21.45M,0.135
HRR.AX,45.65M,0.11
HSK.AX,6.25M,0.027
HSN.AX,657.56M,3.71
HSO.AX,4.91B,2.83
HTA.AX,1.09B,0.08
HTB.AX,N/A,N/A
HTR.AX,N/A,N/A
HTV.AX,N/A,N/A
HUB.AX,201.39M,3.82
HUO.AX,293.45M,3.36
HVN.AX,5.18B,4.66
HXG.AX,18.11M,0.078
HZN.AX,82.12M,0.063
HZR.AX,34.88M,0.57
IAA.AX,N/A,56.6500
IAB.AX,17.56M,0.875
IAG.AX,14.21B,5.87
IAN.AX,N/A,N/A
IAU.AX,43.71M,0.125
IB8.AX,45.09M,0.40
IBC.AX,59.14M,0.47
IBG.AX,17.59M,0.039
IBK.AX,N/A,40.0700
ICB.AX,N/A,N/A
ICG.AX,3.23M,0.003
ICI.AX,29.98M,0.145
ICN.AX,23.49M,0.039
ICQ.AX,225.60M,0.91
ICS.AX,16.14M,1.53
ICT.AX,4.51M,0.062
ICU.AX,17.64M,0.13
ICZ.AX,N/A,0.052
IDC.AX,N/A,0.006
IDF.AX,N/A,N/A
IDH.AX,N/A,N/A
IDJ.AX,N/A,N/A
IDO.AX,8.07M,0.015
IDR.AX,258.34B,2.10
IDT.AX,66.60M,0.305
IDX.AX,210.44M,1.46
IDZ.AX,50.75M,0.425
IEC.AX,3.56M,0.01
IEL.AX,1.06B,4.24
IEM.AX,28.04B,45.1200
IEQ.AX,N/A,0.055
IEU.AX,3.55B,52.8200
IFL.AX,2.70B,9.00
IFM.AX,188.97M,0.61
IFN.AX,664.32M,0.86
IFT.AX,1692.60B,3.01
IFX.AX,N/A,N/A
IGL.AX,1.28B,2.04
IGO.AX,1.40B,2.73
IGS.AX,2.44M,0.003
IHK.AX,3.66B,26.1300
IIL.AX,53.47M,0.31
IJH.AX,34.69B,191.2100
IJP.AX,24.75B,15.7100
IJR.AX,21.88B,149.3200
IKO.AX,4.38B,69.1300
IKW.AX,3.05M,0.003
ILA.AX,N/A,N/A
ILU.AX,2.44B,5.84
IMA.AX,16.03M,0.08
IMC.AX,25.98M,0.34
IMD.AX,62.15M,0.25
IMF.AX,232.15M,1.37
IMG.AX,N/A,N/A
IMI.AX,N/A,0.001
IMK.AX,N/A,N/A
IMN.AX,N/A,N/A
IMO.AX,N/A,N/A
IMQ.AX,N/A,N/A
IMU.AX,19.05M,0.011
IMX.AX,N/A,N/A
INA.AX,409.95M,2.73
INB.AX,N/A,N/A
IND.AX,2.52M,0.016
INH.AX,N/A,N/A
INL.AX,1.90M,0.006
INM.AX,11.03B,52.04
INN.AX,N/A,N/A
IOF.AX,2.57B,4.18
IOG.AX,8.85M,0.054
IOO.AX,2.18B,95.0300
IOT.AX,N/A,0.14
IPB.AX,1.14M,0.01
IPC.AX,2.09M,0.72
IPD.AX,265.85M,0.905
IPE.AX,31.36M,0.23
IPH.AX,1.33B,7.12
IPL.AX,5.79B,3.43
IPT.AX,19.13M,0.027
IQ3.AX,32.07M,0.315
IQE.AX,34.92M,0.35
IRC.AX,17.91M,0.115
IRD.AX,64.01M,0.11
IRE.AX,1.87B,11.85
IRI.AX,367.30M,2.16
IRL.AX,2.92M,0.003
IRM.AX,3.26M,0.024
IRU.AX,34.17B,147.4000
ISD.AX,756.00M,3.78
ISG.AX,682.57M,14.2800
ISH.AX,19.99M,0.22
ISU.AX,316.40M,1.21
ISX.AX,124.37M,0.20
ITD.AX,17.94M,0.19
ITQ.AX,90.82M,5.15
ITW.AX,2.98B,17.2700
IVC.AX,1.40B,12.81
IVE.AX,78.71B,77.4400
IVO.AX,10.79M,0.031
IVQ.AX,N/A,0.10
IVR.AX,20.23M,0.043
IVT.AX,3.10M,0.005
IVV.AX,89.92B,271.7900
IVX.AX,6.19M,0.005
IWG.AX,49.67M,0.08
IXR.AX,4.64M,0.004
IZZ.AX,6.63B,44.3200
JAL.AX,6.77M,0.032
JAT.AX,1.78M,0.011
JBH.AX,2.41B,24.38
JCI.AX,53.75M,1.075
JCS.AX,3.34M,0.01
JHC.AX,734.72M,2.81
JHL.AX,30.20M,0.20
JHX.AX,8.62B,19.34
JIN.AX,66.13M,1.50
JKA.AX,1.80M,0.004
JKL.AX,24.49M,0.235
JPR.AX,39.11M,0.255
JRL.AX,6.11M,0.175
JRV.AX,5.41M,0.061
JVG.AX,559668.00,0.002
JYC.AX,28.96M,1.04
KAB.AX,N/A,0.001
KAI.AX,17.56M,0.091
KAM.AX,104.97M,0.45
KAR.AX,332.86M,1.355
KAS.AX,13.90M,0.025
KAT.AX,36.62M,0.82
KBC.AX,26.71M,0.17
KBL.AX,7.74M,0.013
KBU.AX,14.97M,0.115
KCN.AX,91.67M,0.41
KDL.AX,10.47M,0.099
KDR.AX,15.66M,0.11
KEY.AX,3.55M,0.005
KFE.AX,14.01M,0.033
KFG.AX,14.88B,0.19
KFW.AX,N/A,N/A
KGD.AX,9.17M,0.029
KGG.AX,N/A,N/A
KGL.AX,20.52M,0.145
KGM.AX,12.43M,0.028
KIK.AX,1.66M,0.007
KIN.AX,11.63M,0.15
KIS.AX,11.40M,0.069
KKL.AX,4.87M,0.005
KKO.AX,9.47M,0.05
KKT.AX,25.09M,0.345
KLO.AX,99.23B,0.245
KLR.AX,17.20B,0.175
KMA.AX,N/A,N/A
KMD.AX,279.06M,1.385
KME.AX,15.02M,0.34
KNH.AX,23.68M,0.09
KNL.AX,35.51M,0.21
KNM.AX,3.15M,0.015
KNO.AX,17.96M,0.23
KOP.AX,N/A,N/A
KOR.AX,7.66M,0.039
KOV.AX,24.60M,2.30
KPC.AX,62.61M,0.09
KPL.AX,19.95M,0.065
KPO.AX,12.64M,0.095
KPT.AX,25.36M,14.90
KRC.AX,3.39M,0.008
KRL.AX,17.17M,0.005
KRM.AX,68.14M,0.19
KRS.AX,31.55M,0.21
KSC.AX,174.60M,1.45
KSL.AX,147.41M,0.90
KSN.AX,5.07M,0.03
KTA.AX,9.12M,0.19
KTE.AX,7.57M,0.031
KTL.AX,N/A,0.001
KYK.AX,N/A,N/A
LAA.AX,84.36M,0.28
LAM.AX,24.37M,0.26
LAU.AX,133.42M,0.462
LBL.AX,6.20M,0.07
LBT.AX,19.55M,0.17
LCD.AX,1.49M,0.047
LCE.AX,5.29M,0.245
LCG.AX,N/A,N/A
LCK.AX,63.78M,0.285
LCM.AX,29.49M,0.43
LCR.AX,3.18M,0.006
LCT.AX,21.62M,0.051
LCY.AX,16.15M,0.011
LEG.AX,16.27M,0.008
LEP.AX,875.09M,4.47
LER.AX,15.99M,0.12
LFC.AX,2.84M,0.04
LGM.AX,N/A,0.002
LGO.AX,9.71M,0.008
LGR.AX,9.25M,0.13
LHB.AX,115.69M,0.14
LHC.AX,61.93M,1.46
LHM.AX,32.15M,0.06
LIC.AX,315.24M,3.04
LIN.AX,2.91M,0.002
LIO.AX,4.33M,0.045
LIT.AX,51.79M,0.28
LKE.AX,383504.03,0.004
LKO.AX,11.66M,0.001
LLC.AX,7.36B,13.33
LLO.AX,42.12M,0.70
LMG.AX,18.26M,0.017
LML.AX,11.18M,0.043
LMW.AX,15.31M,0.555
LNG.AX,271.74M,0.54
LNK.AX,2.58B,8.34
LNR.AX,90.26M,6.00
LNU.AX,N/A,0.081
LNY.AX,10.02M,0.004
LOM.AX,100.12M,0.375
LOV.AX,213.51M,2.05
LPE.AX,52.55M,0.041
LPI.AX,N/A,N/A
LRL.AX,N/A,0.012
LRS.AX,14.80M,0.015
LSA.AX,N/A,0.024
LSN.AX,1.83M,0.043
LSR.AX,5.63M,0.016
LSX.AX,27.26M,0.255
LTN.AX,97.15M,0.11
LTR.AX,15.75M,0.027
LTX.AX,8.00M,0.059
LVH.AX,N/A,N/A
LVT.AX,86.75M,0.23
LWP.AX,11.75M,0.003
LYC.AX,251.17M,0.072
LYL.AX,61.98M,1.56
M7T.AX,N/A,0.055
MA1.AX,N/A,0.97
MAD.AX,31.07M,0.057
MAH.AX,123.71M,0.099
MAI.AX,54.82M,0.65
MAQ.AX,249.72M,11.91
MAR.AX,5.66M,0.005
MAS.AX,6.34M,0.009
MAT.AX,21.62M,0.15
MAU.AX,4.90M,0.05
MAX.AX,N/A,6.20
MBC.AX,8.00M,0.05
MBE.AX,140.64M,0.355
MBJ.AX,N/A,N/A
MBK.AX,2.91M,0.008
MBL.AX,N/A,N/A
MBN.AX,N/A,0.083
MBO.AX,8.82M,0.018
MBT.AX,1.35M,0.033
MCE.AX,35.16M,0.375
MCH.AX,N/A,0.235
MCP.AX,91.81M,0.94
MCR.AX,50.90M,0.27
MCS.AX,16.40M,0.058
MCT.AX,24.63M,0.067
MCX.AX,989135.94,0.072
MDC.AX,43.43M,0.27
MDD.AX,917462.00,0.026
MDG.AX,8.22M,0.082
MDI.AX,11.04M,0.044
MDL.AX,25.92M,0.25
MDR.AX,24.04M,0.035
MDV.AX,N/A,0.003
MDX.AX,3.41M,0.007
MDZ.AX,N/A,N/A
MEA.AX,140.86M,1.05
MEB.AX,21.12M,0.215
MED.AX,8.81M,0.02
MEI.AX,2.11M,0.011
MEL.AX,25.22M,0.057
MEO.AX,14.26M,0.019
MEP.AX,14.18M,0.07
MEQ.AX,N/A,N/A
MEU.AX,6.45M,0.017
MEY.AX,2.99M,0.19
MEZ.AX,6.54B,2.55
MFF.AX,881.47M,1.90
MFG.AX,3.63B,22.57
MGC.AX,201.73M,0.97
MGL.AX,45.09M,0.04
MGP.AX,51.23M,0.38
MGR.AX,7.16B,1.935
MGS.AX,10.26M,0.03
MGT.AX,11.41M,0.029
MGU.AX,5.74M,0.025
MGV.AX,3.50M,0.028
MGX.AX,212.71M,0.195
MGZ.AX,2.53M,0.028
MHC.AX,3.01M,0.027
MHI.AX,17.44M,0.185
MHM.AX,4.66M,0.033
MIG.AX,158.52M,0.58
MIH.AX,N/A,3.60
MIL.AX,N/A,1.55
MIN.AX,1.50B,7.96
MIR.AX,416.26M,2.69
MIZ.AX,N/A,0.001
MJP.AX,93.44M,0.38
MKB.AX,9.00M,0.011
MKO.AX,22.08M,0.05
MLA.AX,7.25M,0.053
MLB.AX,174.73M,1.88
MLD.AX,260.60M,1.12
MLI.AX,N/A,0.02
MLM.AX,6.36M,0.038
MLS.AX,819951.00,0.001
MLT.AX,2.82B,4.34
MLX.AX,529.20M,1.155
MMG.AX,2.31B,3.00
MMI.AX,24.21M,0.066
MMJ.AX,33.16M,0.235
MML.AX,151.69M,0.73
MMR.AX,7.86M,0.043
MMS.AX,1.25B,14.98
MNB.AX,8.26M,0.006
MNC.AX,14.88M,0.005
MND.AX,673.05M,7.20
MNE.AX,68064.00,0.032
MNF.AX,258.07M,3.86
MNM.AX,11.04M,0.018
MNQ.AX,5.98M,0.025
MNS.AX,200.47M,0.595
MNW.AX,56.02M,0.099
MNY.AX,140.10M,0.925
MOC.AX,218.73M,1.75
MOD.AX,35.54M,0.03
MOL.AX,N/A,0.069
MOQ.AX,32.31M,0.03
MOT.AX,5.61M,0.001
MOX.AX,3.43M,0.013
MOY.AX,103.98M,0.14
MP1.AX,122.15M,1.745
MPE.AX,2.65M,0.003
MPL.AX,8.61B,3.14
MPO.AX,33.62M,0.135
MPP.AX,285.89M,1.54
MPX.AX,19.84M,0.22
MPZ.AX,N/A,N/A
MQA.AX,2.72B,5.26
MQG.AX,22.97B,71.70
MRC.AX,54.67M,0.135
MRD.AX,13.20M,0.016
MRM.AX,165.99M,0.445
MRN.AX,135.09M,0.79
MRP.AX,29.18M,0.092
MRQ.AX,6.10M,0.045
MRR.AX,N/A,0.069
MRV.AX,7.48M,0.004
MSB.AX,682.60M,1.81
MSG.AX,7.66M,0.038
MSI.AX,786121.00,0.007
MSM.AX,35.73M,0.13
MSP.AX,4.87M,0.024
MSR.AX,1.79M,0.002
MSV.AX,22.66M,0.016
MTA.AX,13.92M,0.066
MTB.AX,1.69M,0.01
MTH.AX,7.98M,0.016
MTL.AX,8.58M,0.07
MTM.AX,42.48M,0.315
MTO.AX,N/A,2.79
MTR.AX,1.05B,3.93
MTS.AX,1.62B,1.74
MUA.AX,171.16M,0.82
MUB.AX,3.27B,0.023
MUM.AX,5.02M,0.004
MUS.AX,6.07M,0.039
MVF.AX,430.77M,1.83
MVP.AX,360.90M,6.27
MVT.AX,37.80M,0.135
MWR.AX,7.40M,0.86
MX1.AX,48.96M,0.41
MXC.AX,N/A,0.045
MXI.AX,89.76M,0.485
MXR.AX,4.43M,0.004
MXU.AX,N/A,N/A
MYE.AX,6.67M,0.135
MYO.AX,1.89B,3.24
MYQ.AX,4.95M,0.063
MYR.AX,1.01B,1.225
MYS.AX,347.58M,3.98
MYT.AX,3.98B,2.89
MYX.AX,1.14B,1.41
MZA.AX,N/A,N/A
MZB.AX,N/A,N/A
MZC.AX,N/A,N/A
MZF.AX,N/A,N/A
MZI.AX,40.51M,0.25
MZM.AX,15.50M,0.22
MZN.AX,11.40M,0.013
N1H.AX,N/A,0.265
NAB.AX,74.82B,28.94
NAC.AX,21.51M,1.00
NAE.AX,1.37M,0.004
NAF.AX,N/A,N/A
NAG.AX,44.79M,0.13
NAH.AX,N/A,N/A
NAJ.AX,N/A,N/A
NAM.AX,36.25M,0.33
NAN.AX,652.07M,2.30
NAO.AX,N/A,N/A
NAV.AX,182230.00,0.01
NBI.AX,N/A,N/A
NBL.AX,40.41M,1.03
NCC.AX,47.86M,1.02
NCK.AX,336.15M,4.15
NCL.AX,31.50M,0.12
NCM.AX,15.99B,20.88
NCO.AX,1.04M,0.003
NCR.AX,2.31M,0.003
NDO.AX,7.00M,0.16
NEA.AX,191.97M,0.54
NEC.AX,1.06B,1.21
NEN.AX,13.57M,0.26
NEU.AX,123.69M,0.07
NFE.AX,N/A,0.01
NFN.AX,N/A,N/A
NGE.AX,19.43M,0.023
NGY.AX,23.03M,0.02
NHC.AX,1.22B,1.47
NHF.AX,1.96B,4.47
NHH.AX,42.39M,1.79
NHO.AX,N/A,0.012
NIB.AX,N/A,N/A
NIO.AX,1.54M,0.007
NIU.AX,1.45M,0.001
NKP.AX,57.37M,0.064
NME.AX,1.24M,0.008
NMG.AX,133270.00,0.01
NMI.AX,17.27M,0.016
NML.AX,3.64M,0.037
NMS.AX,61.44M,1.00
NMT.AX,218.03M,0.39
NNW.AX,149.80M,0.14
NOE.AX,N/A,0.16
NOR.AX,37.31M,0.043
NOV.AX,7.93M,0.15
NPX.AX,941.11M,4.99
NRT.AX,47.27M,0.11
NSE.AX,3.34M,0.007
NSL.AX,7.71M,0.009
NSP.AX,2.47M,0.01
NSR.AX,642.16M,1.92
NST.AX,2.87B,4.79
NSX.AX,27.36M,0.185
NTC.AX,369.08M,2.86
NTL.AX,11.45B,0.014
NTM.AX,1.18M,0.01
NTU.AX,34.54M,0.072
NUF.AX,1.95B,7.36
NUH.AX,N/A,0.093
NVI.AX,761893.00,0.011
NVL.AX,71.18M,1.40
NVT.AX,2.04B,5.44
NWE.AX,5.33M,0.003
NWF.AX,88.46M,0.45
NWH.AX,57.17M,0.205
NWS.AX,9.78B,16.86
NWZ.AX,8.70M,0.012
NXM.AX,5.70M,0.081
NXR.AX,N/A,0.02
NXT.AX,757.65M,3.10
NYO.AX,3.01M,0.002
NZO.AX,153.65M,0.44
OAR.AX,6.58M,0.12
OBJ.AX,138.07M,0.078
OBL.AX,1.03M,0.009
OCC.AX,36.51M,0.40
OCL.AX,167.49M,1.84
OCP.AX,58.26M,1.65
ODN.AX,3.18M,0.012
ODY.AX,7.64M,0.07
OEC.AX,33.27M,0.65
OEG.AX,1.83B,0.01
OEL.AX,55.54M,0.047
OEQ.AX,3.13M,0.20
OEX.AX,10.62M,0.009
OFW.AX,N/A,0.25
OFX.AX,542.40M,2.26
OGC.AX,2.92B,4.80
OGH.AX,2.17B,0.068
OGX.AX,43.01M,0.18
OGY.AX,5.56M,0.012
OHE.AX,676.02M,4.25
OIL.AX,4.44M,0.02
OKJ.AX,3.06M,0.06
OKU.AX,24.84M,0.155
OLH.AX,2.55M,0.031
OLV.AX,10.91M,0.069
OMH.AX,95.09M,0.13
OML.AX,779.39M,5.20
OMT.AX,7.48M,0.033
ONE.AX,13.37M,3.90
ONT.AX,165.77M,7.00
OOK.AX,1.23M,0.035
OPG.AX,58.81M,0.61
OPT.AX,72.09M,0.48
ORA.AX,3.28B,2.75
ORE.AX,641.26M,3.80
ORG.AX,9.48B,5.42
ORH.AX,N/A,0.001
ORI.AX,4.93B,13.19
ORL.AX,100.15M,2.45
ORM.AX,2.61M,0.018
ORN.AX,5.05M,0.012
ORR.AX,35.16M,0.31
ORX.AX,5.14M,0.07
OSH.AX,10.28B,6.75
OSL.AX,45.61M,0.125
OSP.AX,37.77M,0.245
OTC.AX,54.14M,0.205
OTH.AX,65.69M,0.795
OTI.AX,N/A,0.007
OTR.AX,19.77M,0.043
OTW.AX,82.65M,1.90
OVH.AX,126.35M,0.68
OVL.AX,4.55M,0.008
OVR.AX,1.64M,0.008
OXX.AX,7.82M,0.033
OZB.AX,N/A,0.064
OZG.AX,48.74M,0.135
OZL.AX,1.69B,5.58
OZT.AX,N/A,N/A
PAA.AX,8.60M,0.093
PAB.AX,5.05M,0.007
PAC.AX,125.72M,4.47
PAF.AX,52.06B,0.945
PAI.AX,274.09B,0.935
PAK.AX,10.71M,0.13
PAN.AX,36.96M,0.115
PAR.AX,28.03M,0.32
PAW.AX,N/A,N/A
PAY.AX,144.40M,7.00
PBG.AX,1.04B,1.135
PBP.AX,24.37M,0.46
PBT.AX,44.85M,0.084
PCH.AX,480000.00,0.012
PCL.AX,5.34M,0.004
PCP.AX,N/A,0.01
PDI.AX,9.28M,0.007
PDM.AX,972960.00,0.02
PDN.AX,385.89M,0.23
PDY.AX,N/A,0.007
PDZ.AX,21.73M,0.145
PEA.AX,160.99M,0.435
PEC.AX,2.01M,0.03
PEG.AX,37.54M,0.055
PEH.AX,13.81M,0.10
PEK.AX,20.72M,0.05
PEL.AX,2.53M,0.007
PEN.AX,114.97M,0.66
PEP.AX,402.26M,2.32
PEX.AX,18.56M,0.14
PEZ.AX,52.30M,0.057
PFG.AX,12.92M,0.09
PFL.AX,183.89M,1.32
PFM.AX,N/A,0.35
PGC.AX,103.82M,0.65
PGF.AX,318.39B,0.915
PGH.AX,1.65B,5.61
PGI.AX,34.92M,0.105
PGM.AX,6.64M,0.04
PGO.AX,18.66M,0.061
PGR.AX,88.85M,0.65
PGS.AX,2.69M,0.005
PGY.AX,3.25M,0.002
PHA.AX,1.83M,0.06
PHG.AX,100.54M,0.435
PHI.AX,256.15M,9.00
PHK.AX,20.57M,0.079
PIC.AX,231.05M,0.92
PIL.AX,N/A,0.018
PIO.AX,43.22M,0.06
PIQ.AX,10.12M,0.20
PKA.AX,6.91M,0.046
PKO.AX,1.36M,0.002
PLH.AX,4.50M,0.10
PLP.AX,11.53M,0.037
PLS.AX,641.35M,0.80
PLV.AX,N/A,0.0124
PMC.AX,403.46M,1.72
PME.AX,456.81M,4.52
PML.AX,7.13M,0.072
PMP.AX,179.73M,0.56
PMV.AX,2.48B,15.82
PMY.AX,2.17M,0.004
PNC.AX,74.56M,1.64
PNE.AX,2.44M,0.083
PNL.AX,27.88M,0.18
PNN.AX,3.97M,0.02
PNO.AX,N/A,0.001
PNR.AX,61.08M,0.12
PNV.AX,142.27M,0.26
PNW.AX,12.67M,0.18
PNX.AX,6.20M,0.013
POB.AX,N/A,N/A
POH.AX,25.24M,0.02
PON.AX,N/A,N/A
POP.AX,10.32M,0.058
POS.AX,26.35M,0.036
POW.AX,13.86M,0.016
POZ.AX,4.67M,0.029
PPC.AX,445.88M,0.91
PPG.AX,105.20M,0.445
PPK.AX,N/A,0.20
PPL.AX,36.67M,0.59
PPP.AX,16.29M,0.028
PPS.AX,142.74M,0.32
PPT.AX,1.90B,41.75
PPY.AX,1.96M,0.01
PRA.AX,N/A,N/A
PRG.AX,183.84M,1.545
PRH.AX,400.67M,0.125
PRL.AX,10.79M,0.022
PRO.AX,70.73M,1.105
PRR.AX,92.62M,0.045
PRT.AX,115.39M,0.315
PRU.AX,320.25M,0.605
PRW.AX,N/A,0.001
PRY.AX,1.72B,3.30
PSA.AX,32.85M,0.14
PSC.AX,15.07M,0.017
PSF.AX,18.39M,0.028
PSI.AX,355.54M,1.58
PSM.AX,6.01M,0.02
PSP.AX,N/A,0.001
PSQ.AX,300.95M,1.98
PSY.AX,60.74M,0.12
PSZ.AX,44.20M,0.68
PTB.AX,18.90M,0.45
PTL.AX,86.52M,0.635
PTM.AX,3.58B,6.11
PTR.AX,3.42M,0.006
PTX.AX,10.31M,0.11
PUB.AX,N/A,N/A
PUD.AX,N/A,N/A
PUG.AX,N/A,N/A
PUH.AX,N/A,N/A
PUI.AX,N/A,N/A
PUJ.AX,N/A,N/A
PUK.AX,N/A,N/A
PUN.AX,2.03M,0.016
PUO.AX,N/A,N/A
PUQ.AX,N/A,N/A
PUU.AX,N/A,N/A
PUV.AX,N/A,N/A
PVA.AX,127.44M,3.80
PVD.AX,5.06M,0.031
PVE.AX,1.12M,0.008
PWH.AX,272.00M,2.72
PWN.AX,10.24M,0.042
PWW.AX,519057.00,0.011
PXS.AX,79.28M,0.25
PXU.AX,N/A,N/A
PYC.AX,36.07M,0.018
PYM.AX,6.04M,0.006
PZC.AX,1.47M,0.003
QAN.AX,7.07B,3.28
QBC.AX,N/A,N/A
QBE.AX,16.17B,11.80
QBL.AX,4.50M,0.006
QFX.AX,N/A,0.001
QHL.AX,75.93M,0.135
QMN.AX,7.02M,0.004
QMS.AX,383.44M,1.27
QNL.AX,N/A,0.001
QRX.AX,N/A,0.028
QSS.AX,2.41M,0.026
QST.AX,5.06M,0.10
QTG.AX,697221.00,0.003
QTM.AX,21.51M,0.022
QUB.AX,2.55B,2.42
QUE.AX,N/A,0.067
QUR.AX,6.22M,0.037
QVE.AX,212.10M,1.045
R3D.AX,6.38M,0.24
RAD.AX,17.06M,0.051
RAF.AX,N/A,0.40
RAP.AX,140.44M,0.25
RAW.AX,3.43M,0.035
RBL.AX,N/A,N/A
RBR.AX,3.18M,0.01
RBX.AX,1.31M,0.006
RCE.AX,11.21M,0.17
RCG.AX,635.48M,1.39
RCO.AX,10.63M,0.20
RCP.AX,2.34M,0.001
RCR.AX,211.60M,1.51
RCT.AX,185.76M,3.73
RCU.AX,392992.03,0.032
RDA.AX,N/A,N/A
RDF.AX,31.01M,0.28
RDG.AX,8.21M,0.013
RDH.AX,25.59M,0.845
RDM.AX,15.73M,0.09
RDS.AX,3.26M,0.01
REA.AX,7.27B,55.22
RED.AX,67.04M,0.088
REF.AX,10.75M,0.115
REG.AX,1.47B,4.89
REH.AX,3.80B,38.00
REK.AX,N/A,N/A
REQ.AX,N/A,N/A
RER.AX,2.40M,0.011
RES.AX,22.03M,0.038
REV.AX,4.82M,0.057
REX.AX,83.60M,0.765
REY.AX,22.04M,0.031
REZ.AX,7.67M,0.11
RFA.AX,N/A,N/A
RFB.AX,N/A,N/A
RFF.AX,253.17M,1.54
RFG.AX,958.12M,5.83
RFL.AX,33.37M,0.096
RFN.AX,15.00M,0.15
RFT.AX,11.21M,0.009
RFX.AX,138.76M,0.425
RGP.AX,8.05M,0.072
RGS.AX,32.38M,0.155
RGU.AX,811260.00,0.012
RHC.AX,14.17B,70.45
RHI.AX,19.74M,0.40
RHL.AX,269.69M,3.45
RHP.AX,126.83M,0.94
RHS.AX,7.08M,0.12
RHT.AX,6.43M,0.016
RIC.AX,410.16M,1.315
RIE.AX,5.36M,0.023
RIG.AX,N/A,N/A
RIM.AX,13.53M,0.017
RIO.AX,80.29B,44.65
RIS.AX,13.84M,0.22
RKN.AX,186.89M,1.68
RLC.AX,555130.00,0.005
RLE.AX,21.45M,0.105
RMB.AX,N/A,N/A
RMD.AX,11.04B,7.86
RMF.AX,N/A,N/A
RMG.AX,1.67M,0.008
RMH.AX,N/A,N/A
RMI.AX,1.48M,0.005
RMM.AX,N/A,N/A
RMP.AX,10.63M,0.025
RMR.AX,2.11M,0.002
RMS.AX,203.68M,0.43
RMT.AX,5.48M,0.003
RMX.AX,1.44M,0.001
RND.AX,143.75M,2.39
RNI.AX,19.81M,0.017
RNL.AX,N/A,0.014
RNO.AX,13.00M,0.021
RNS.AX,22.06M,0.048
RNT.AX,18.68M,0.185
RNU.AX,4.55M,0.021
RNY.AX,35.56M,0.135
RPG.AX,44.32M,0.29
RRL.AX,1.59B,3.19
RRP.AX,2.36M,0.001
RRR.AX,12.08M,0.20
RRS.AX,68.31M,0.009
RSG.AX,615.92M,0.96
RSH.AX,9.01M,0.032
RTG.AX,73.84M,0.55
RTR.AX,3.31M,0.016
RTT.AX,N/A,N/A
RUB.AX,8.10M,0.045
RUL.AX,56.77M,0.32
RUM.AX,15.81M,0.041
RVA.AX,467.90M,1.10
RVR.AX,30.43M,0.14
RVY.AX,16.24M,0.031
RWC.AX,N/A,2.86
RWD.AX,54.79M,0.45
RWH.AX,104.32M,1.045
RXH.AX,18.39M,0.14
RXL.AX,15.35M,0.013
RXM.AX,13.23M,0.06
RXP.AX,76.65M,0.55
RYD.AX,36.83B,1.00
S2R.AX,61.50M,0.285
S32.AX,9.00B,1.69
SAB.AX,N/A,N/A
SAC.AX,N/A,N/A
SAI.AX,750.14M,3.55
SAJ.AX,N/A,N/A
SAM.AX,1.12M,0.10
SAN.AX,N/A,0.007
SAO.AX,104.23B,0.475
SAR.AX,955.32M,1.205
SAU.AX,10.59M,0.29
SAY.AX,1.37M,0.003
SBB.AX,11.32M,0.024
SBI.AX,715165.00,0.011
SBK.AX,N/A,N/A
SBM.AX,1.29B,2.60
SBR.AX,1.76M,0.007
SBU.AX,12.56M,0.018
SCA.AX,N/A,N/A
SCG.AX,24.60B,4.62
SCI.AX,7.68M,0.066
SCP.AX,1.67B,2.30
SCU.AX,8.75M,0.024
SCW.AX,N/A,N/A
SDA.AX,524.35M,4.34
SDC.AX,N/A,N/A
SDF.AX,1.40B,1.88
SDG.AX,256.04M,1.55
SDI.AX,63.00M,0.53
SDL.AX,18.72M,0.003
SEA.AX,92.00M,0.165
SEG.AX,8.00M,0.003
SEH.AX,194.93M,0.094
SEK.AX,5.62B,16.34
SEN.AX,113.26M,0.105
SEQ.AX,N/A,0.002
SER.AX,6.62M,0.019
SES.AX,16.15M,0.13
SFC.AX,70.17M,5.01
SFG.AX,70.00M,0.079
SFH.AX,123.03M,0.64
SFI.AX,55.79M,0.068
SFL.AX,21.95M,0.175
SFN.AX,2.42M,0.15
SFR.AX,903.54M,5.61
SFX.AX,61.75M,0.42
SFY.AX,N/A,50.4500
SGC.AX,3.48M,0.032
SGF.AX,969.40M,3.85
SGH.AX,135.67M,0.385
SGM.AX,1.68B,8.25
SGN.AX,521.71M,1.22
SGO.AX,N/A,0.078
SGP.AX,10.89B,4.59
SGQ.AX,27.20M,0.17
SGR.AX,4.59B,5.56
SGU.AX,31.40M,0.11
SGZ.AX,22.67M,0.018
SHH.AX,4.27M,0.03
SHJ.AX,200.00M,1.155
SHK.AX,2.10M,0.003
SHL.AX,8.43B,20.39
SHM.AX,79.33M,0.835
SHP.AX,N/A,0.007
SHU.AX,N/A,0.35
SHV.AX,390.91M,5.46
SIE.AX,4.42M,0.008
SIH.AX,14.64M,0.013
SIO.AX,26.21M,0.175
SIP.AX,1.25B,1.16
SIQ.AX,569.20M,5.61
SIT.AX,91.49M,0.175
SIV.AX,306.54M,9.69
SIX.AX,5.04M,0.059
SKB.AX,165.87M,0.46
SKC.AX,2.71B,4.63
SKF.AX,17.49M,0.12
SKI.AX,3.68B,2.19
SKN.AX,N/A,N/A
SKP.AX,92.52B,0.09
SKS.AX,12.83M,0.44
SKT.AX,1.46B,3.75
SLC.AX,244.52M,2.08
SLE.AX,5.03B,0.028
SLF.AX,644.50M,12.8900
SLK.AX,462.72M,4.61
SLM.AX,82.01M,0.515
SLR.AX,245.03M,0.495
SLX.AX,59.66M,0.35
SM8.AX,13.78M,0.24
SMA.AX,73.06M,0.034
SMC.AX,19.93M,0.023
SMD.AX,3.20M,0.008
SMG.AX,N/A,0.20
SMI.AX,6.98M,0.038
SMM.AX,32.70M,0.15
SMN.AX,190.68M,1.94
SMP.AX,29.20M,0.17
SMR.AX,64.52M,0.29
SMT.AX,N/A,N/A
SMX.AX,115.89M,1.69
SNC.AX,36.74M,0.83
SND.AX,40.07M,0.51
SNL.AX,83.56M,2.05
SNV.AX,473665.00,0.001
SNY.AX,7.10M,0.051
SNZ.AX,887.87M,4.095
SO4.AX,37.65M,0.355
SOC.AX,5.95M,0.006
SOI.AX,770944.06,0.032
SOL.AX,3.80B,15.87
SOM.AX,159.97M,3.05
SOP.AX,2.16M,0.02
SOR.AX,24.26M,0.13
SPB.AX,3.00M,0.022
SPH.AX,N/A,3.10
SPI.AX,1.46M,0.031
SPK.AX,N/A,3.40
SPL.AX,223.40M,0.70
SPO.AX,1.35B,1.23
SPQ.AX,1.68M,0.007
SPX.AX,1.84M,0.006
SPZ.AX,97.10M,0.335
SRF.AX,150.39M,0.55
SRG.AX,N/A,N/A
SRH.AX,5.80M,0.145
SRI.AX,14.80M,0.021
SRK.AX,6.54M,0.045
SRO.AX,1.51M,0.037
SRR.AX,N/A,0.009
SRS.AX,17.96M,0.027
SRT.AX,16.26M,0.02
SRV.AX,704.77M,7.16
SRX.AX,1.75B,30.50
SRY.AX,6.23M,0.045
SRZ.AX,4.58M,0.025
SSE.AX,N/A,N/A
SSL.AX,36.99M,4.62
SSM.AX,311.05M,0.805
SSN.AX,14.19M,0.005
SST.AX,481.54M,15.53
STA.AX,6.48M,0.005
STL.AX,3.46M,0.045
STO.AX,7.35B,4.16
STW.AX,N/A,49.6400
STX.AX,95.83M,0.115
SUD.AX,27.37M,0.024
SUH.AX,404548.00,0.019
SUL.AX,1.85B,9.36
SUM.AX,31.17M,0.044
SUN.AX,16.26B,12.72
SUR.AX,5.44M,0.001
SVA.AX,3.90M,0.04
SVL.AX,9.42M,0.002
SVM.AX,10.68M,0.075
SVS.AX,N/A,0.24
SVW.AX,1.64B,5.83
SVY.AX,14.75M,0.155
SWE.AX,5.93M,0.037
SWJ.AX,15.19M,0.01
SWK.AX,31.41M,0.145
SWL.AX,58.13M,0.655
SWM.AX,1.78B,1.18
SWR.AX,2.71M,0.042
SXA.AX,6.17M,0.035
SXB.AX,N/A,N/A
SXE.AX,74.41M,0.47
SXI.AX,5.31B,0.017
SXL.AX,925.95M,1.205
SXS.AX,1.29B,0.019
SXX.AX,3.23M,0.003
SXY.AX,270.88M,0.235
SYA.AX,26.38M,0.051
SYD.AX,15.96B,7.16
SYR.AX,1.22B,5.26
SYS.AX,581440.00,0.001
SZG.AX,1.26B,0.005
TAG.AX,4.72M,0.038
TAH.AX,3.54B,4.28
TAM.AX,49.35M,0.042
TAP.AX,24.47M,0.095
TAR.AX,802240.06,0.032
TAS.AX,64.12M,0.185
TAU.AX,5.95M,0.18
TAW.AX,1.84M,0.025
TBH.AX,19.75M,0.205
TBR.AX,327.52M,6.55
TCH.AX,230.76M,2.02
TCL.AX,24.69B,12.17
TCN.AX,15.30M,0.068
TCO.AX,13.70M,1.025
TDL.AX,N/A,0.20
TDO.AX,8.55M,0.036
TDX.AX,1.02M,0.001
TEG.AX,3.35M,0.001
TEN.AX,374.49M,1.01
TER.AX,7.20M,0.003
TES.AX,N/A,N/A
TEX.AX,1.03M,0.001
TFC.AX,528.24M,1.54
TFG.AX,17.43M,0.30
TFL.AX,13.07M,0.245
TGA.AX,210.46M,1.385
TGG.AX,300.84M,1.205
TGH.AX,540.98B,1.52
TGN.AX,8.71M,0.04
TGP.AX,215.40M,0.95
TGR.AX,606.48M,4.12
TGS.AX,68.29M,0.046
TGZ.AX,444.96M,1.135
THO.AX,N/A,0.006
THR.AX,4.54M,0.001
THX.AX,15.97M,0.05
TIA.AX,69.09M,0.99
TIG.AX,26.88M,0.03
TIX.AX,595.60B,2.81
TKF.AX,894675.06,0.075
TKG.AX,N/A,0.003
TKL.AX,7.21M,0.032
TLG.AX,38.03M,0.26
TLM.AX,60.17M,0.405
TLS.AX,69.12B,5.68
TME.AX,1.71B,4.30
TMK.AX,9.80M,0.005
TML.AX,22.90B,0.245
TMM.AX,21.90M,1.20
TMP.AX,21.79M,0.36
TMX.AX,6.14M,0.015
TMZ.AX,3.53M,0.037
TNB.AX,N/A,N/A
TND.AX,5.73M,0.035
TNE.AX,1.60B,5.16
TNF.AX,N/A,N/A
TNG.AX,96.46M,0.135
TNH.AX,N/A,N/A
TNJ.AX,N/A,N/A
TNK.AX,61.38M,1.55
TNP.AX,14.73M,0.013
TNR.AX,12.74M,0.17
TNT.AX,9.95M,0.195
TOA.AX,N/A,N/A
TOE.AX,100.26M,0.05
TOF.AX,156.82B,2.14
TOM.AX,6.36M,0.067
TON.AX,22.97M,0.061
TOP.AX,93.02M,0.55
TOT.AX,34.04B,1.11
TOU.AX,15.42M,0.075
TOX.AX,403.10M,3.00
TOZ.AX,N/A,N/A
TPC.AX,4.50M,0.50
TPD.AX,2.28M,0.009
TPE.AX,126.56M,2.46
TPM.AX,9.63B,11.63
TPO.AX,22.17M,0.145
TPP.AX,52.77M,0.27
TPR.AX,472.81M,0.077
TPS.AX,9.03M,0.015
TPW.AX,15.34M,0.145
TRB.AX,N/A,N/A
TRC.AX,N/A,N/A
TRK.AX,N/A,N/A
TRL.AX,35.19M,0.12
TRM.AX,2.89M,0.031
TRP.AX,N/A,N/A
TRS.AX,365.81M,12.68
TRY.AX,240.20M,0.72
TSM.AX,44.87M,0.47
TSN.AX,49.84M,0.028
TSV.AX,15.87M,0.019
TTA.AX,4.37M,0.031
TTC.AX,142.40M,0.645
TTE.AX,4.71M,0.007
TTI.AX,6.89M,0.025
TTL.AX,N/A,N/A
TTN.AX,N/A,0.037
TTS.AX,5.73B,3.94
TTW.AX,2.87M,0.027
TUP.AX,82.91M,0.13
TV2.AX,11.81M,0.031
TWD.AX,74.12M,2.90
TWE.AX,6.98B,10.11
TWH.AX,7.83M,0.013
TWR.AX,280.47M,1.65
TYK.AX,2.28M,0.008
TYX.AX,8.34M,0.034
TZL.AX,46.56M,0.10
TZN.AX,251.31M,0.14
UBI.AX,49.34M,0.28
UBN.AX,91.84M,0.38
UCM.AX,21.78M,0.225
UCW.AX,5.06M,0.06
UEQ.AX,3.09M,0.005
UGL.AX,516.23M,3.17
UIL.AX,6.91M,0.064
UML.AX,3.87B,0.032
UNS.AX,72.33M,0.083
UNV.AX,98.80M,0.195
UOS.AX,595.78M,0.485
UPD.AX,87.64B,0.205
UPG.AX,37.77M,1.055
URF.AX,642.16B,2.22
URI.AX,11.56M,2.24
USA.AX,3.33M,0.018
USF.AX,86.61B,2.22
USG.AX,125.28B,2.27
USH.AX,N/A,0.098
USR.AX,7.23B,0.54
UUL.AX,382500.00,0.015
VAH.AX,966.73M,0.275
VAN.AX,19.38M,0.065
VAR.AX,7.51M,0.02
VBS.AX,31.42M,1.45
VCD.AX,N/A,N/A
VCX.AX,13.26B,3.35
VEC.AX,5.40M,0.004
VEL.AX,N/A,N/A
VET.AX,N/A,0.12
VGL.AX,N/A,5.25
VGR.AX,N/A,N/A
VHT.AX,52.66M,0.43
VIA.AX,72.04M,2.35
VIC.AX,N/A,0.004
VIE.AX,N/A,0.036
VIG.AX,51.96M,0.10
VII.AX,28.46M,0.20
VIP.AX,487499.97,0.195
VIT.AX,274.81M,1.975
VKA.AX,4.52M,0.018
VLA.AX,186.94M,0.81
VLW.AX,240.55M,2.18
VMC.AX,12.23M,0.215
VMG.AX,19.31M,0.004
VML.AX,7.18M,0.021
VMP.AX,N/A,N/A
VMS.AX,12.91M,0.045
VMT.AX,30.83M,0.195
VMX.AX,11.87M,0.145
VMY.AX,72.93M,0.32
VOC.AX,2.03B,8.95
VPC.AX,20.66M,0.043
VRC.AX,28.01M,0.049
VRL.AX,809.08M,5.14
VRT.AX,538.76M,6.74
VRX.AX,3.03M,0.022
VSC.AX,85.80M,1.50
VTG.AX,514.59M,3.40
VTM.AX,4.57M,0.02
VXL.AX,N/A,0.115
VXR.AX,8.73M,0.005
WAA.AX,35.61M,1.02
WAF.AX,63.32M,0.205
WAK.AX,N/A,0.361
WAL.AX,452532.03,0.004
WAM.AX,992.17M,2.12
WAT.AX,44.43M,1.19
WAX.AX,229.90B,1.32
WBA.AX,381.01M,1.10
WBC.AX,99.10B,29.79
WCB.AX,516.42M,8.95
WCC.AX,N/A,0.036
WCN.AX,7.61M,0.007
WCP.AX,9.95M,0.025
WCT.AX,N/A,N/A
WDE.AX,99.36B,0.79
WDS.AX,N/A,0.105
WEB.AX,490.94M,6.08
WEC.AX,29.55M,0.09
WEF.AX,N/A,N/A
WEJ.AX,N/A,N/A
WEK.AX,N/A,N/A
WEL.AX,17.23M,0.08
WES.AX,47.88B,42.52
WFD.AX,21.82B,10.50
WFE.AX,853754.00,0.002
WGL.AX,17.12M,0.032
WGO.AX,4.23M,0.009
WHC.AX,715.13M,0.73
WHF.AX,343.13M,4.30
WHN.AX,5.55M,0.001
WIC.AX,103.40M,0.80
WIG.AX,114.95M,1.04
WIN.AX,10.27M,0.095
WKT.AX,5.51M,0.004
WLC.AX,27.58M,0.004
WLD.AX,316.00M,0.79
WLE.AX,N/A,N/A
WLF.AX,117.38M,0.145
WLL.AX,195.95M,5.00
WMC.AX,37.99M,0.25
WMK.AX,88.86B,1.02
WMN.AX,7.35M,0.031
WNR.AX,N/A,0.28
WNS.AX,N/A,0.01
WOF.AX,2.15M,0.007
WOR.AX,1.43B,5.76
WOW.AX,28.37B,22.37
WPG.AX,34.87M,0.087
WPL.AX,22.21B,26.96
WQW.AX,N/A,N/A
WRG.AX,8.35M,0.002
WRM.AX,4.62M,0.017
WRR.AX,10.58M,0.245
WSA.AX,412.44M,2.08
WSC.AX,N/A,N/A
WSD.AX,N/A,N/A
WSG.AX,N/A,0.013
WSH.AX,N/A,N/A
WSJ.AX,N/A,N/A
WSN.AX,N/A,N/A
WSO.AX,N/A,N/A
WSQ.AX,N/A,N/A
WSZ.AX,N/A,N/A
WTC.AX,1.16B,4.59
WTP.AX,147.01M,0.78
WTR.AX,23.02M,0.05
WVL.AX,3.14M,0.007
WWI.AX,8.67M,0.019
XAM.AX,102.42M,0.23
XCL.AX,N/A,N/A
XF1.AX,38.82B,0.43
XIP.AX,123.06M,3.75
XPD.AX,69.01M,0.18
XPE.AX,N/A,0.05
XQL.AX,N/A,N/A
XRF.AX,23.42M,0.175
XRO.AX,2.13B,15.70
XST.AX,3.09M,0.013
XTD.AX,29.55M,0.23
XTE.AX,11.54M,0.51
XTV.AX,12.48M,0.011
XVG.AX,N/A,N/A
YAL.AX,75.56M,0.076
YBR.AX,70.98M,0.255
YCN.AX,N/A,N/A
YHL.AX,N/A,0.30
YNB.AX,3.53M,0.049
YOW.AX,166.55M,0.975
YPB.AX,45.42M,0.265
ZAM.AX,3.36M,0.052
ZEL.AX,3.06B,7.76
ZER.AX,17.00M,0.17
ZEU.AX,3.96M,0.022
ZGL.AX,36.91M,0.17
ZGM.AX,2.71M,0.004
ZIM.AX,392.88M,3.65
ZIP.AX,19.35M,0.235
ZML.AX,106.89M,0.68
ZNC.AX,14.79M,0.115
ZRL.AX,454190.00,0.011
ZTA.AX,435300.00,0.06
ZYB.AX,386998.00,0.023
ZYL.AX,N/A,0.007
