1AG.AX,11.70M,0.085
1ST.AX,4.84M,0.054
4DS.AX,17.14M,0.026
8CO.AX,9.18M,0.17
AAJ.AX,2.08M,0.009
AAK.AX,836910.06,0.002
AAL.AX,1.75M,0.007
AAP.AX,6.26M,0.036
AAR.AX,3.07M,0.017
AAU.AX,4.00M,0.022
AB1.AX,37.69M,0.225
ABL.AX,5.57M,0.014
ABU.AX,19.89M,0.058
ABV.AX,17.83M,0.01
ABX.AX,19.10M,0.135
ACB.AX,7.71M,0.016
ACG.AX,30.46M,0.155
ACK.AX,46.43M,0.45
ACL.AX,3.57M,0.011
ACS.AX,9.87M,0.08
ACU.AX,6.11M,0.034
ADD.AX,273300.00,0.012
ADN.AX,5.97M,0.017
ADO.AX,36.20M,0.047
ADV.AX,26.12M,0.043
ADX.AX,5.25M,0.008
ADY.AX,12.18M,0.012
AEB.AX,15.58M,0.046
AEE.AX,6.57M,0.016
AER.AX,6.03M,0.11
AFR.AX,33.62M,0.055
AFT.AX,8.51M,0.001
AGE.AX,4.25M,0.012
AGJ.AX,3.90M,0.04
AGO.AX,48.05M,0.018
AGR.AX,42.19M,0.115
AGS.AX,15.02M,0.036
AGX.AX,1.89M,0.012
AGY.AX,11.13M,0.026
AHF.AX,34.35M,0.22
AHK.AX,5.25M,0.13
AHN.AX,4.52M,0.026
AHQ.AX,851704.94,0.005
AIB.AX,5.88M,0.83
AIQ.AX,14.38M,0.11
AIR.AX,2.49M,0.08
AIS.AX,4.62M,0.04
AIV.AX,7.11M,0.011
AIY.AX,1.81M,0.013
AJC.AX,2.71M,0.003
AJJ.AX,29.78M,0.10
AJQ.AX,25.40M,0.079
AJR.AX,1.83M,0.023
AKF.AX,4.62M,0.07
AKG.AX,13.94M,0.19
AKK.AX,2.62M,0.007
AKM.AX,5.57M,0.006
ALA.AX,4.95M,0.115
ALT.AX,7.78M,0.006
ALY.AX,2.75M,0.012
AMB.AX,13.79M,0.21
AML.AX,22.13M,0.065
AMN.AX,13.08M,0.15
AMO.AX,3.84M,0.125
AMT.AX,8.27M,0.13
ANB.AX,2.11M,0.01
ANG.AX,19.31M,0.125
ANO.AX,15.23M,0.026
ANP.AX,10.06M,0.057
ANQ.AX,2.67M,0.001
ANW.AX,10.34M,0.008
AOA.AX,2.39M,0.01
AOD.AX,20.46M,0.735
AOK.AX,27.98M,0.05
AON.AX,2.16M,0.03
AOP.AX,9.67M,0.09
AOU.AX,12.00M,0.14
AOW.AX,25.01M,0.17
APG.AX,4.09M,0.003
APY.AX,17.39M,0.015
AQD.AX,6.48M,0.013
AQI.AX,7.49M,0.13
AQJ.AX,765718.06,0.001
AQQ.AX,12.85M,0.028
AQS.AX,12.03M,0.065
AQX.AX,9.45M,0.049
AR1.AX,3.51M,0.016
ARC.AX,4.55M,0.51
ARD.AX,8.95M,0.035
ARE.AX,8.88M,0.02
ARM.AX,5.72M,0.049
ARO.AX,772555.00,0.007
ARS.AX,6.15M,0.13
ARU.AX,22.06M,0.05
ARV.AX,3.66M,0.001
ARX.AX,1.19M,0.001
ASH.AX,31.50M,0.21
ASN.AX,3.44M,0.03
ASP.AX,6.52M,0.009
ASW.AX,26.08M,0.61
ASY.AX,720104.00,0.022
ATA.AX,3.14M,0.032
ATC.AX,16.57M,0.11
ATP.AX,12.44M,0.03
ATR.AX,24.50M,0.20
AUC.AX,16.20M,0.059
AUK.AX,4.11M,0.013
AUP.AX,12.42M,5.64
AUQ.AX,15.18M,0.03
AUZ.AX,13.35M,0.013
AVD.AX,2.00M,0.028
AVI.AX,4.66M,0.014
AVL.AX,6.85M,0.009
AVQ.AX,41.02M,0.155
AVX.AX,1.03M,0.021
AVZ.AX,5.85M,0.012
AWI.AX,33.27M,0.30
AWV.AX,35.74M,0.11
AWY.AX,8.81M,0.002
AXE.AX,8.90M,0.105
AXI.AX,20.67M,0.05
AXT.AX,13.31M,0.078
AXZ.AX,31.75M,0.30
AYA.AX,15.65M,0.18
AYB.AX,7.20M,0.026
AYC.AX,11.46M,0.025
AYG.AX,2.56M,0.001
AYI.AX,10.81M,0.001
AYM.AX,2.18M,0.003
AYR.AX,8.30M,0.014
AZM.AX,26.65M,0.061
AZV.AX,12.90M,0.068
AZY.AX,14.84M,0.026
BAR.AX,25.01M,0.067
BAS.AX,1.61M,0.002
BAU.AX,24.41M,0.105
BBL.AX,34.80M,0.355
BBX.AX,4.80M,0.023
BCI.AX,31.39M,0.16
BCN.AX,5.98M,0.004
BCT.AX,3.61M,0.02
BDI.AX,2.54M,0.001
BEL.AX,9.76M,0.13
BGC.AX,6.65M,0.063
BGD.AX,3.95M,0.038
BGR.AX,741978.00,0.002
BGS.AX,35.74M,0.385
BIG.AX,9.91M,0.14
BIS.AX,18.96M,0.43
BIT.AX,20.31M,0.065
BKM.AX,1.50M,0.001
BKP.AX,2.23M,0.001
BKT.AX,14.15M,0.053
BLT.AX,16.12M,0.11
BLZ.AX,3.35M,0.054
BMG.AX,703142.00,0.011
BMH.AX,24.85M,0.20
BML.AX,1.30M,0.002
BMN.AX,23.16M,0.033
BMP.AX,2.99M,0.39
BNE.AX,1.04M,0.008
BNR.AX,10.62M,0.061
BOA.AX,6.56M,0.145
BOE.AX,38.46M,0.045
BOL.AX,32.29M,0.068
BPH.AX,1.65M,0.007
BPL.AX,11.18M,0.09
BPS.AX,49.15M,0.84
BRB.AX,12.41M,0.15
BRC.AX,20.18M,0.135
BRD.AX,4.68M,0.003
BRK.AX,3.60M,0.009
BRL.AX,13.50M,0.014
BSE.AX,33.83M,0.06
BSM.AX,4.60M,0.01
BSN.AX,1.97M,0.005
BSP.AX,1.59M,0.003
BSR.AX,33.35M,0.021
BST.AX,14.44M,0.89
BTC.AX,16.27M,0.165
BUD.AX,761535.00,0.135
BUG.AX,16.48M,0.38
BUL.AX,26.24M,0.023
BUR.AX,4.40M,0.02
BUX.AX,6.19M,0.07
BUY.AX,8.58M,0.009
BWF.AX,32.76M,0.65
BXN.AX,4.91M,0.025
BYE.AX,27.97M,0.145
BYL.AX,16.50M,0.13
BYR.AX,20.13M,0.026
CAA.AX,49.84M,0.105
CAD.AX,3.86M,0.002
CAE.AX,1.95M,0.021
CAP.AX,7.03M,0.061
CAS.AX,20.43M,0.12
CAV.AX,5.14M,0.02
CAY.AX,13.40M,0.087
CAZ.AX,10.44M,0.08
CBC.AX,22.12M,0.91
CBQ.AX,987357.06,0.001
CBS.AX,1.06M,0.034
CCJ.AX,1.13M,0.006
CCZ.AX,3.38M,0.016
CDB.AX,1.06M,0.009
CDG.AX,13.82M,0.05
CDH.AX,1.56M,0.012
CDT.AX,1.57M,0.012
CDV.AX,39.79M,0.23
CDY.AX,19.50M,0.021
CEL.AX,12.32M,0.035
CFE.AX,15.67M,0.025
CGM.AX,1.33M,0.002
CGN.AX,15.58M,0.069
CGO.AX,12.54M,0.34
CGR.AX,17.85M,0.19
CHF.AX,1.33M,0.013
CHK.AX,2.50M,0.022
CHN.AX,47.78M,0.165
CHP.AX,4.29M,0.003
CHR.AX,23.98M,3.15
CHZ.AX,3.94M,0.033
CIA.AX,49.58M,0.25
CIK.AX,15.07M,0.19
CIW.AX,31.95M,0.65
CIZ.AX,4.98M,0.02
CJC.AX,956662.00,0.007
CKA.AX,13.48M,0.027
CL8.AX,6.56M,0.018
CLT.AX,9.65M,0.18
CLY.AX,512508.03,0.002
CLZ.AX,1.23M,0.004
CM8.AX,30.12M,0.195
CMC.AX,3.16M,0.016
CMI.AX,34.66M,1.00
CMM.AX,19.74M,0.115
CMT.AX,3.00M,0.039
CMY.AX,6.10M,0.008
CND.AX,18.81M,0.21
CNJ.AX,4.26M,0.028
CNQ.AX,11.44M,0.031
CNX.AX,16.37M,0.011
COI.AX,33.68M,0.064
COM.AX,13.62M,0.019
COO.AX,24.06M,0.094
COY.AX,2.70M,0.007
CPD.AX,4.44M,0.055
CQC.AX,4.21M,0.008
CR8.AX,1.97M,0.038
CRB.AX,25.20M,0.18
CRL.AX,2.26M,0.026
CRQ.AX,2.17M,0.022
CSE.AX,40.92M,0.385
CSS.AX,40.90M,0.037
CTE.AX,8.93M,0.19
CTM.AX,3.16M,0.006
CTO.AX,27.86M,0.016
CTP.AX,40.72M,0.094
CTR.AX,3.38M,0.059
CUE.AX,43.28M,0.062
CUL.AX,6.65M,0.004
CUX.AX,1.96M,0.005
CVE.AX,6.97M,0.007
CVS.AX,3.28M,0.011
CVV.AX,3.59M,0.08
CXM.AX,20.17M,0.064
CXO.AX,6.99M,0.04
CXU.AX,19.52M,0.072
CXX.AX,40.48M,0.30
CXZ.AX,15.72M,0.18
CYC.AX,38.43M,0.645
CYG.AX,40.86M,1.08
CYL.AX,31.13M,0.59
CYP.AX,26.55M,0.365
CYU.AX,4.73M,0.008
CYY.AX,10.43M,0.038
CZI.AX,8.62M,0.039
CZL.AX,10.47M,0.044
CZN.AX,3.53M,0.008
CZR.AX,17.52M,0.01
D13.AX,45.71M,0.11
DAU.AX,3.83M,0.04
DCC.AX,28.50M,0.16
DDD.AX,1.66M,0.006
DDT.AX,15.97M,0.021
DEG.AX,8.58M,0.003
DGH.AX,25.97M,0.71
DGO.AX,1.07M,0.185
DGR.AX,15.42M,0.028
DGX.AX,4.79M,0.01
DHR.AX,2.99M,0.005
DIG.AX,24.94M,0.26
DKM.AX,19.39M,0.235
DKO.AX,14.86M,0.17
DLC.AX,3.80M,0.006
DLE.AX,619278.00,0.003
DM1.AX,17.03M,0.064
DMA.AX,22.41M,0.058
DMG.AX,5.80M,0.022
DMI.AX,2.13M,0.07
DRA.AX,22.21M,0.25
DRG.AX,2.67M,0.025
DRK.AX,1.36M,0.002
DRX.AX,8.10M,0.01
DSB.AX,5.24M,0.11
DSX.AX,11.01M,0.06
DTI.AX,30.70M,0.335
DTM.AX,3.12M,0.012
DTR.AX,1.01M,0.01
DTX.AX,13.08M,0.45
DUB.AX,46.50M,0.60
DVA.AX,36.48M,0.615
DVI.AX,13.04M,0.018
DXB.AX,9.27M,0.007
DYL.AX,7.05M,0.004
EAL.AX,11.23M,0.082
EAR.AX,26.48M,0.19
EAS.AX,43.88M,1.60
EAX.AX,31.79M,1.225
EBG.AX,24.03M,0.07
ECO.AX,4.64M,0.006
EEG.AX,5.51M,0.016
EER.AX,1.43M,0.004
EFE.AX,1.53M,0.01
EGL.AX,3.72M,0.018
EGN.AX,27.98M,0.09
EGO.AX,31.69M,0.31
EGS.AX,26.65M,0.26
EGY.AX,3.87M,0.014
EHL.AX,19.19M,0.032
ELK.AX,24.96M,0.095
ELT.AX,4.60M,0.006
EMB.AX,17.69M,8.20
EME.AX,19.92M,0.095
EMG.AX,2.72M,0.012
EMH.AX,23.07M,0.265
EMR.AX,32.66M,0.025
EMU.AX,4.97M,0.066
EMX.AX,24.97M,0.041
ENA.AX,10.86M,0.19
ENB.AX,3.65M,0.014
ENR.AX,18.68M,0.12
ENT.AX,4.45M,0.015
ENU.AX,6.11M,0.079
ENX.AX,696878.00,0.013
ENZ.AX,22.91M,0.24
EOL.AX,5.93M,0.32
EOR.AX,8.06M,0.012
EPA.AX,4.46M,0.003
EPD.AX,43.35M,0.37
EPM.AX,7.97M,0.009
EQE.AX,2.61M,0.006
EQX.AX,41.07M,0.33
ERJ.AX,13.20M,0.023
ERL.AX,7.00M,0.026
ERM.AX,15.89M,0.042
ERX.AX,13.65M,0.15
ESI.AX,36.66M,0.014
ESK.AX,3.20M,0.10
ESM.AX,1.50M,0.013
ESR.AX,3.73M,0.024
ESV.AX,24.19M,0.091
ETE.AX,4.60M,0.009
EUM.AX,1.21M,0.026
EVE.AX,5.98M,0.009
EVZ.AX,2.32M,0.011
EXC.AX,8.45M,0.042
EXG.AX,45.38M,0.08
EXM.AX,1.30M,0.008
EXO.AX,1.17M,0.004
EXR.AX,1.26M,0.001
EXU.AX,10.38M,0.054
EYM.AX,4.38M,0.003
FBR.AX,405972.00,0.021
FCG.AX,41.44M,0.15
FCN.AX,3.89M,0.015
FCR.AX,3.70M,0.006
FEL.AX,8.39M,0.036
FFC.AX,17.21M,0.135
FFG.AX,7.93M,0.049
FFI.AX,34.04M,3.44
FGF.AX,3.57M,0.008
FGI.AX,8.92M,0.11
FGR.AX,28.00M,0.10
FLR.AX,1.71M,0.003
FNT.AX,1.01M,0.031
FOY.AX,5.74M,0.125
FRE.AX,865659.06,0.001
FRN.AX,759000.00,0.024
FRX.AX,28.23M,0.15
FTZ.AX,11.87M,0.20
FUN.AX,12.01M,0.018
FYI.AX,5.70M,0.07
FZR.AX,15.89M,0.175
G8C.AX,1.72M,0.043
GBA.AX,765825.00,0.025
GBE.AX,10.33M,0.022
GBG.AX,32.90M,0.022
GBI.AX,21.42M,0.215
GBM.AX,9.46M,0.01
GBP.AX,5.94M,0.03
GBX.AX,4.53M,0.005
GBZ.AX,8.39M,0.014
GCN.AX,757057.00,0.007
GCR.AX,3.03M,0.03
GDY.AX,14.08M,0.025
GED.AX,724598.00,0.007
GER.AX,18.23M,0.07
GES.AX,18.04M,0.06
GFL.AX,12.05M,1.405
GFY.AX,47.31M,1.165
GGE.AX,3.74M,0.005
GGG.AX,23.63M,0.03
GGH.AX,1.50M,0.002
GGX.AX,2.43M,0.003
GID.AX,8.55M,0.018
GLA.AX,925254.06,0.002
GLB.AX,48.54M,1.17
GLF.AX,24.55M,0.009
GLH.AX,14.76M,0.45
GLL.AX,11.52M,0.076
GLN.AX,4.83M,0.008
GMC.AX,576027.00,0.003
GMD.AX,8.49M,0.019
GME.AX,15.23M,0.033
GML.AX,4.69M,0.016
GMN.AX,7.79M,0.038
GMR.AX,7.19M,0.005
GMY.AX,13.47M,0.86
GNX.AX,23.76M,0.15
GOE.AX,26.69M,0.027
GPH.AX,10.96M,0.11
GPP.AX,647255.00,0.007
GPR.AX,31.98M,0.04
GRB.AX,20.04M,0.047
GRV.AX,3.17M,0.034
GSC.AX,36.21M,0.006
GSE.AX,597261.00,0.051
GSS.AX,36.12M,0.495
GTE.AX,3.75M,0.017
GTG.AX,34.31M,0.02
GTR.AX,648660.00,0.01
GUL.AX,2.57M,0.02
GWR.AX,9.93M,0.041
GXN.AX,2.69M,0.001
HAO.AX,38.03M,0.20
HAR.AX,780328.06,0.002
HAS.AX,34.61M,0.09
HAW.AX,6.85M,0.04
HCH.AX,34.24M,0.081
HCT.AX,29.26M,0.185
HDX.AX,18.99M,0.091
HEG.AX,2.44M,0.002
HGL.AX,7.03M,0.027
HGO.AX,7.71M,0.041
HHM.AX,4.14M,0.018
HHY.AX,9.75M,0.10
HIT.AX,7.76M,0.25
HJB.AX,3.16M,0.011
HLS.AX,902420.00,0.004
HLX.AX,17.72M,0.066
HMI.AX,8.23M,0.10
HML.AX,15.29M,0.98
HMX.AX,6.45M,0.059
HNG.AX,23.47M,0.435
HNR.AX,11.55M,0.016
HOG.AX,1.15M,0.004
HOM.AX,48.07M,0.455
HOR.AX,2.38M,0.014
HPR.AX,11.68M,0.07
HRL.AX,21.45M,0.135
HRR.AX,45.65M,0.11
HSK.AX,6.25M,0.027
HXG.AX,18.11M,0.078
HZR.AX,34.88M,0.57
IAB.AX,17.56M,0.875
IAU.AX,43.71M,0.125
IB8.AX,45.09M,0.40
IBG.AX,17.59M,0.039
ICG.AX,3.23M,0.003
ICI.AX,29.98M,0.145
ICN.AX,23.49M,0.039
ICS.AX,16.14M,1.53
ICT.AX,4.51M,0.062
ICU.AX,17.64M,0.13
IDO.AX,8.07M,0.015
IEC.AX,3.56M,0.01
IGS.AX,2.44M,0.003
IKW.AX,3.05M,0.003
IMA.AX,16.03M,0.08
IMC.AX,25.98M,0.34
IMU.AX,19.05M,0.011
IND.AX,2.52M,0.016
INL.AX,1.90M,0.006
IOG.AX,8.85M,0.054
IPB.AX,1.14M,0.01
IPC.AX,2.09M,0.72
IPE.AX,31.36M,0.23
IPT.AX,19.13M,0.027
IQ3.AX,32.07M,0.315
IQE.AX,34.92M,0.35
IRC.AX,17.91M,0.115
IRL.AX,2.92M,0.003
IRM.AX,3.26M,0.024
ISH.AX,19.99M,0.22
ITD.AX,17.94M,0.19
IVO.AX,10.79M,0.031
IVR.AX,20.23M,0.043
IVT.AX,3.10M,0.005
IVX.AX,6.19M,0.005
IWG.AX,49.67M,0.08
IXR.AX,4.64M,0.004
JAL.AX,6.77M,0.032
JAT.AX,1.78M,0.011
JCS.AX,3.34M,0.01
JHL.AX,30.20M,0.20
JKA.AX,1.80M,0.004
JKL.AX,24.49M,0.235
JPR.AX,39.11M,0.255
JRL.AX,6.11M,0.175
JRV.AX,5.41M,0.061
JVG.AX,559668.00,0.002
JYC.AX,28.96M,1.04
KAI.AX,17.56M,0.091
KAS.AX,13.90M,0.025
KAT.AX,36.62M,0.82
KBC.AX,26.71M,0.17
KBL.AX,7.74M,0.013
KBU.AX,14.97M,0.115
KDL.AX,10.47M,0.099
KDR.AX,15.66M,0.11
KEY.AX,3.55M,0.005
KFE.AX,14.01M,0.033
KGD.AX,9.17M,0.029
KGL.AX,20.52M,0.145
KGM.AX,12.43M,0.028
KIK.AX,1.66M,0.007
KIN.AX,11.63M,0.15
KIS.AX,11.40M,0.069
KKL.AX,4.87M,0.005
KKO.AX,9.47M,0.05
KKT.AX,25.09M,0.345
KME.AX,15.02M,0.34
KNH.AX,23.68M,0.09
KNL.AX,35.51M,0.21
KNM.AX,3.15M,0.015
KNO.AX,17.96M,0.23
KOR.AX,7.66M,0.039
KOV.AX,24.60M,2.30
KPL.AX,19.95M,0.065
KPO.AX,12.64M,0.095
KPT.AX,25.36M,14.90
KRC.AX,3.39M,0.008
KRL.AX,17.17M,0.005
KRS.AX,31.55M,0.21
KSN.AX,5.07M,0.03
KTA.AX,9.12M,0.19
KTE.AX,7.57M,0.031
LAM.AX,24.37M,0.26
LBL.AX,6.20M,0.07
LBT.AX,19.55M,0.17
LCD.AX,1.49M,0.047
LCE.AX,5.29M,0.245
LCM.AX,29.49M,0.43
LCR.AX,3.18M,0.006
LCT.AX,21.62M,0.051
LCY.AX,16.15M,0.011
LEG.AX,16.27M,0.008
LER.AX,15.99M,0.12
LFC.AX,2.84M,0.04
LGO.AX,9.71M,0.008
LGR.AX,9.25M,0.13
LHM.AX,32.15M,0.06
LIN.AX,2.91M,0.002
LIO.AX,4.33M,0.045
LKE.AX,383504.03,0.004
LKO.AX,11.66M,0.001
LLO.AX,42.12M,0.70
LMG.AX,18.26M,0.017
LML.AX,11.18M,0.043
LMW.AX,15.31M,0.555
LNY.AX,10.02M,0.004
LRS.AX,14.80M,0.015
LSN.AX,1.83M,0.043
LSR.AX,5.63M,0.016
LSX.AX,27.26M,0.255
LTR.AX,15.75M,0.027
LTX.AX,8.00M,0.059
LWP.AX,11.75M,0.003
MAD.AX,31.07M,0.057
MAR.AX,5.66M,0.005
MAS.AX,6.34M,0.009
MAT.AX,21.62M,0.15
MAU.AX,4.90M,0.05
MBC.AX,8.00M,0.05
MBK.AX,2.91M,0.008
MBO.AX,8.82M,0.018
MBT.AX,1.35M,0.033
MCE.AX,35.16M,0.375
MCS.AX,16.40M,0.058
MCT.AX,24.63M,0.067
MCX.AX,989135.94,0.072
MDC.AX,43.43M,0.27
MDD.AX,917462.00,0.026
MDG.AX,8.22M,0.082
MDI.AX,11.04M,0.044
MDL.AX,25.92M,0.25
MDR.AX,24.04M,0.035
MDX.AX,3.41M,0.007
MEB.AX,21.12M,0.215
MED.AX,8.81M,0.02
MEI.AX,2.11M,0.011
MEL.AX,25.22M,0.057
MEO.AX,14.26M,0.019
MEP.AX,14.18M,0.07
MEU.AX,6.45M,0.017
MEY.AX,2.99M,0.19
MGL.AX,45.09M,0.04
MGS.AX,10.26M,0.03
MGT.AX,11.41M,0.029
MGU.AX,5.74M,0.025
MGV.AX,3.50M,0.028
MGZ.AX,2.53M,0.028
MHC.AX,3.01M,0.027
MHI.AX,17.44M,0.185
MHM.AX,4.66M,0.033
MKB.AX,9.00M,0.011
MKO.AX,22.08M,0.05
MLA.AX,7.25M,0.053
MLM.AX,6.36M,0.038
MLS.AX,819951.00,0.001
MMI.AX,24.21M,0.066
MMJ.AX,33.16M,0.235
MMR.AX,7.86M,0.043
MNB.AX,8.26M,0.006
MNC.AX,14.88M,0.005
MNE.AX,68064.00,0.032
MNM.AX,11.04M,0.018
MNQ.AX,5.98M,0.025
MOD.AX,35.54M,0.03
MOQ.AX,32.31M,0.03
MOT.AX,5.61M,0.001
MOX.AX,3.43M,0.013
MPE.AX,2.65M,0.003
MPO.AX,33.62M,0.135
MPX.AX,19.84M,0.22
MRD.AX,13.20M,0.016
MRP.AX,29.18M,0.092
MRQ.AX,6.10M,0.045
MRV.AX,7.48M,0.004
MSG.AX,7.66M,0.038
MSI.AX,786121.00,0.007
MSM.AX,35.73M,0.13
MSP.AX,4.87M,0.024
MSR.AX,1.79M,0.002
MSV.AX,22.66M,0.016
MTA.AX,13.92M,0.066
MTB.AX,1.69M,0.01
MTH.AX,7.98M,0.016
MTL.AX,8.58M,0.07
MTM.AX,42.48M,0.315
MUM.AX,5.02M,0.004
MUS.AX,6.07M,0.039
MVT.AX,37.80M,0.135
MWR.AX,7.40M,0.86
MX1.AX,48.96M,0.41
MXR.AX,4.43M,0.004
MYE.AX,6.67M,0.135
MYQ.AX,4.95M,0.063
MZI.AX,40.51M,0.25
MZM.AX,15.50M,0.22
MZN.AX,11.40M,0.013
NAC.AX,21.51M,1.00
NAE.AX,1.37M,0.004
NAG.AX,44.79M,0.13
NAM.AX,36.25M,0.33
NAV.AX,182230.00,0.01
NBL.AX,40.41M,1.03
NCC.AX,47.86M,1.02
NCL.AX,31.50M,0.12
NCO.AX,1.04M,0.003
NCR.AX,2.31M,0.003
NDO.AX,7.00M,0.16
NEN.AX,13.57M,0.26
NGE.AX,19.43M,0.023
NGY.AX,23.03M,0.02
NHH.AX,42.39M,1.79
NIO.AX,1.54M,0.007
NIU.AX,1.45M,0.001
NME.AX,1.24M,0.008
NMG.AX,133270.00,0.01
NMI.AX,17.27M,0.016
NML.AX,3.64M,0.037
NOR.AX,37.31M,0.043
NOV.AX,7.93M,0.15
NRT.AX,47.27M,0.11
NSE.AX,3.34M,0.007
NSL.AX,7.71M,0.009
NSP.AX,2.47M,0.01
NSX.AX,27.36M,0.185
NTM.AX,1.18M,0.01
NTU.AX,34.54M,0.072
NVI.AX,761893.00,0.011
NWE.AX,5.33M,0.003
NWZ.AX,8.70M,0.012
NXM.AX,5.70M,0.081
NYO.AX,3.01M,0.002
OAR.AX,6.58M,0.12
OBL.AX,1.03M,0.009
OCC.AX,36.51M,0.40
ODN.AX,3.18M,0.012
ODY.AX,7.64M,0.07
OEC.AX,33.27M,0.65
OEQ.AX,3.13M,0.20
OEX.AX,10.62M,0.009
OGX.AX,43.01M,0.18
OGY.AX,5.56M,0.012
OIL.AX,4.44M,0.02
OKJ.AX,3.06M,0.06
OKU.AX,24.84M,0.155
OLH.AX,2.55M,0.031
OLV.AX,10.91M,0.069
OMT.AX,7.48M,0.033
ONE.AX,13.37M,3.90
OOK.AX,1.23M,0.035
ORM.AX,2.61M,0.018
ORN.AX,5.05M,0.012
ORR.AX,35.16M,0.31
ORX.AX,5.14M,0.07
OSL.AX,45.61M,0.125
OSP.AX,37.77M,0.245
OTR.AX,19.77M,0.043
OVL.AX,4.55M,0.008
OVR.AX,1.64M,0.008
OXX.AX,7.82M,0.033
OZG.AX,48.74M,0.135
PAA.AX,8.60M,0.093
PAB.AX,5.05M,0.007
PAK.AX,10.71M,0.13
PAN.AX,36.96M,0.115
PAR.AX,28.03M,0.32
PBP.AX,24.37M,0.46
PBT.AX,44.85M,0.084
PCH.AX,480000.00,0.012
PCL.AX,5.34M,0.004
PDI.AX,9.28M,0.007
PDM.AX,972960.00,0.02
PDZ.AX,21.73M,0.145
PEC.AX,2.01M,0.03
PEG.AX,37.54M,0.055
PEH.AX,13.81M,0.10
PEK.AX,20.72M,0.05
PEL.AX,2.53M,0.007
PEX.AX,18.56M,0.14
PFG.AX,12.92M,0.09
PGI.AX,34.92M,0.105
PGM.AX,6.64M,0.04
PGO.AX,18.66M,0.061
PGS.AX,2.69M,0.005
PGY.AX,3.25M,0.002
PHA.AX,1.83M,0.06
PHK.AX,20.57M,0.079
PIO.AX,43.22M,0.06
PIQ.AX,10.12M,0.20
PKA.AX,6.91M,0.046
PKO.AX,1.36M,0.002
PLH.AX,4.50M,0.10
PLP.AX,11.53M,0.037
PML.AX,7.13M,0.072
PMY.AX,2.17M,0.004
PNE.AX,2.44M,0.083
PNL.AX,27.88M,0.18
PNN.AX,3.97M,0.02
PNW.AX,12.67M,0.18
PNX.AX,6.20M,0.013
POH.AX,25.24M,0.02
POP.AX,10.32M,0.058
POS.AX,26.35M,0.036
POW.AX,13.86M,0.016
POZ.AX,4.67M,0.029
PPL.AX,36.67M,0.59
PPP.AX,16.29M,0.028
PPY.AX,1.96M,0.01
PRL.AX,10.79M,0.022
PSA.AX,32.85M,0.14
PSC.AX,15.07M,0.017
PSF.AX,18.39M,0.028
PSM.AX,6.01M,0.02
PSZ.AX,44.20M,0.68
PTB.AX,18.90M,0.45
PTR.AX,3.42M,0.006
PTX.AX,10.31M,0.11
PUN.AX,2.03M,0.016
PVD.AX,5.06M,0.031
PVE.AX,1.12M,0.008
PWN.AX,10.24M,0.042
PWW.AX,519057.00,0.011
PYC.AX,36.07M,0.018
PYM.AX,6.04M,0.006
PZC.AX,1.47M,0.003
QBL.AX,4.50M,0.006
QMN.AX,7.02M,0.004
QSS.AX,2.41M,0.026
QST.AX,5.06M,0.10
QTG.AX,697221.00,0.003
QTM.AX,21.51M,0.022
QUR.AX,6.22M,0.037
R3D.AX,6.38M,0.24
RAD.AX,17.06M,0.051
RAW.AX,3.43M,0.035
RBR.AX,3.18M,0.01
RBX.AX,1.31M,0.006
RCE.AX,11.21M,0.17
RCO.AX,10.63M,0.20
RCP.AX,2.34M,0.001
RCU.AX,392992.03,0.032
RDF.AX,31.01M,0.28
RDG.AX,8.21M,0.013
RDH.AX,25.59M,0.845
RDM.AX,15.73M,0.09
RDS.AX,3.26M,0.01
REF.AX,10.75M,0.115
RER.AX,2.40M,0.011
RES.AX,22.03M,0.038
REV.AX,4.82M,0.057
REY.AX,22.04M,0.031
REZ.AX,7.67M,0.11
RFL.AX,33.37M,0.096
RFN.AX,15.00M,0.15
RFT.AX,11.21M,0.009
RGP.AX,8.05M,0.072
RGS.AX,32.38M,0.155
RGU.AX,811260.00,0.012
RHI.AX,19.74M,0.40
RHS.AX,7.08M,0.12
RHT.AX,6.43M,0.016
RIE.AX,5.36M,0.023
RIM.AX,13.53M,0.017
RIS.AX,13.84M,0.22
RLC.AX,555130.00,0.005
RLE.AX,21.45M,0.105
RMG.AX,1.67M,0.008
RMI.AX,1.48M,0.005
RMP.AX,10.63M,0.025
RMR.AX,2.11M,0.002
RMT.AX,5.48M,0.003
RMX.AX,1.44M,0.001
RNI.AX,19.81M,0.017
RNO.AX,13.00M,0.021
RNS.AX,22.06M,0.048
RNT.AX,18.68M,0.185
RNU.AX,4.55M,0.021
RNY.AX,35.56M,0.135
RPG.AX,44.32M,0.29
RRP.AX,2.36M,0.001
RRR.AX,12.08M,0.20
RSH.AX,9.01M,0.032
RTR.AX,3.31M,0.016
RUB.AX,8.10M,0.045
RUM.AX,15.81M,0.041
RVR.AX,30.43M,0.14
RVY.AX,16.24M,0.031
RXH.AX,18.39M,0.14
RXL.AX,15.35M,0.013
RXM.AX,13.23M,0.06
SAM.AX,1.12M,0.10
SAU.AX,10.59M,0.29
SAY.AX,1.37M,0.003
SBB.AX,11.32M,0.024
SBI.AX,715165.00,0.011
SBR.AX,1.76M,0.007
SBU.AX,12.56M,0.018
SCI.AX,7.68M,0.066
SCU.AX,8.75M,0.024
SDL.AX,18.72M,0.003
SEG.AX,8.00M,0.003
SER.AX,6.62M,0.019
SES.AX,16.15M,0.13
SFL.AX,21.95M,0.175
SFN.AX,2.42M,0.15
SGC.AX,3.48M,0.032
SGQ.AX,27.20M,0.17
SGU.AX,31.40M,0.11
SGZ.AX,22.67M,0.018
SHH.AX,4.27M,0.03
SHK.AX,2.10M,0.003
SIE.AX,4.42M,0.008
SIH.AX,14.64M,0.013
SIO.AX,26.21M,0.175
SIX.AX,5.04M,0.059
SKF.AX,17.49M,0.12
SKS.AX,12.83M,0.44
SM8.AX,13.78M,0.24
SMC.AX,19.93M,0.023
SMD.AX,3.20M,0.008
SMI.AX,6.98M,0.038
SMM.AX,32.70M,0.15
SMP.AX,29.20M,0.17
SNC.AX,36.74M,0.83
SND.AX,40.07M,0.51
SNV.AX,473665.00,0.001
SNY.AX,7.10M,0.051
SO4.AX,37.65M,0.355
SOC.AX,5.95M,0.006
SOI.AX,770944.06,0.032
SOP.AX,2.16M,0.02
SOR.AX,24.26M,0.13
SPB.AX,3.00M,0.022
SPI.AX,1.46M,0.031
SPQ.AX,1.68M,0.007
SPX.AX,1.84M,0.006
SRH.AX,5.80M,0.145
SRI.AX,14.80M,0.021
SRK.AX,6.54M,0.045
SRO.AX,1.51M,0.037
SRS.AX,17.96M,0.027
SRT.AX,16.26M,0.02
SRY.AX,6.23M,0.045
SRZ.AX,4.58M,0.025
SSL.AX,36.99M,4.62
SSN.AX,14.19M,0.005
STA.AX,6.48M,0.005
STL.AX,3.46M,0.045
SUD.AX,27.37M,0.024
SUH.AX,404548.00,0.019
SUM.AX,31.17M,0.044
SUR.AX,5.44M,0.001
SVA.AX,3.90M,0.04
SVL.AX,9.42M,0.002
SVM.AX,10.68M,0.075
SVY.AX,14.75M,0.155
SWE.AX,5.93M,0.037
SWJ.AX,15.19M,0.01
SWK.AX,31.41M,0.145
SWR.AX,2.71M,0.042
SXA.AX,6.17M,0.035
SXX.AX,3.23M,0.003
SYA.AX,26.38M,0.051
SYS.AX,581440.00,0.001
TAG.AX,4.72M,0.038
TAM.AX,49.35M,0.042
TAP.AX,24.47M,0.095
TAR.AX,802240.06,0.032
TAU.AX,5.95M,0.18
TAW.AX,1.84M,0.025
TBH.AX,19.75M,0.205
TCN.AX,15.30M,0.068
TCO.AX,13.70M,1.025
TDO.AX,8.55M,0.036
TDX.AX,1.02M,0.001
TEG.AX,3.35M,0.001
TER.AX,7.20M,0.003
TEX.AX,1.03M,0.001
TFG.AX,17.43M,0.30
TFL.AX,13.07M,0.245
TGN.AX,8.71M,0.04
THR.AX,4.54M,0.001
THX.AX,15.97M,0.05
TIG.AX,26.88M,0.03
TKF.AX,894675.06,0.075
TKL.AX,7.21M,0.032
TLG.AX,38.03M,0.26
TMK.AX,9.80M,0.005
TMM.AX,21.90M,1.20
TMP.AX,21.79M,0.36
TMX.AX,6.14M,0.015
TMZ.AX,3.53M,0.037
TND.AX,5.73M,0.035
TNP.AX,14.73M,0.013
TNR.AX,12.74M,0.17
TNT.AX,9.95M,0.195
TOM.AX,6.36M,0.067
TON.AX,22.97M,0.061
TOU.AX,15.42M,0.075
TPC.AX,4.50M,0.50
TPD.AX,2.28M,0.009
TPO.AX,22.17M,0.145
TPS.AX,9.03M,0.015
TPW.AX,15.34M,0.145
TRL.AX,35.19M,0.12
TRM.AX,2.89M,0.031
TSM.AX,44.87M,0.47
TSN.AX,49.84M,0.028
TSV.AX,15.87M,0.019
TTA.AX,4.37M,0.031
TTE.AX,4.71M,0.007
TTI.AX,6.89M,0.025
TTW.AX,2.87M,0.027
TV2.AX,11.81M,0.031
TWH.AX,7.83M,0.013
TYK.AX,2.28M,0.008
TYX.AX,8.34M,0.034
TZL.AX,46.56M,0.10
UBI.AX,49.34M,0.28
UCM.AX,21.78M,0.225
UCW.AX,5.06M,0.06
UEQ.AX,3.09M,0.005
UIL.AX,6.91M,0.064
UPG.AX,37.77M,1.055
URI.AX,11.56M,2.24
USA.AX,3.33M,0.018
UUL.AX,382500.00,0.015
VAN.AX,19.38M,0.065
VAR.AX,7.51M,0.02
VBS.AX,31.42M,1.45
VEC.AX,5.40M,0.004
VII.AX,28.46M,0.20
VIP.AX,487499.97,0.195
VKA.AX,4.52M,0.018
VMC.AX,12.23M,0.215
VMG.AX,19.31M,0.004
VML.AX,7.18M,0.021
VMS.AX,12.91M,0.045
VMT.AX,30.83M,0.195
VMX.AX,11.87M,0.145
VPC.AX,20.66M,0.043
VRC.AX,28.01M,0.049
VRX.AX,3.03M,0.022
VTM.AX,4.57M,0.02
VXR.AX,8.73M,0.005
WAA.AX,35.61M,1.02
WAL.AX,452532.03,0.004
WAT.AX,44.43M,1.19
WCN.AX,7.61M,0.007
WCP.AX,9.95M,0.025
WEC.AX,29.55M,0.09
WEL.AX,17.23M,0.08
WFE.AX,853754.00,0.002
WGL.AX,17.12M,0.032
WGO.AX,4.23M,0.009
WHN.AX,5.55M,0.001
WIN.AX,10.27M,0.095
WKT.AX,5.51M,0.004
WLC.AX,27.58M,0.004
WMC.AX,37.99M,0.25
WMN.AX,7.35M,0.031
WOF.AX,2.15M,0.007
WPG.AX,34.87M,0.087
WRG.AX,8.35M,0.002
WRM.AX,4.62M,0.017
WRR.AX,10.58M,0.245
WTR.AX,23.02M,0.05
WVL.AX,3.14M,0.007
WWI.AX,8.67M,0.019
XRF.AX,23.42M,0.175
XST.AX,3.09M,0.013
XTD.AX,29.55M,0.23
XTE.AX,11.54M,0.51
XTV.AX,12.48M,0.011
YNB.AX,3.53M,0.049
YPB.AX,45.42M,0.265
ZAM.AX,3.36M,0.052
ZER.AX,17.00M,0.17
ZEU.AX,3.96M,0.022
ZGL.AX,36.91M,0.17
ZGM.AX,2.71M,0.004
ZIP.AX,19.35M,0.235
ZNC.AX,14.79M,0.115
ZRL.AX,454190.00,0.011
ZTA.AX,435300.00,0.06
ZYB.AX,386998.00,0.023
